Epoch,Fold,Loss,CrossEntropy,Accuracy,Precision,Recall,F1Score,AUC,R2Score,MAE,MSE
1,1,31.4542,1.407009,0.2289,0.2246,0.2289,0.1686,0.4857,-18.416358,9.798,101.5644
1,2,24.0547,1.386286,0.2342,0.1475,0.2342,0.1632,0.4986,-14.433408,8.4038,76.9476
1,3,15.8747,1.390098,0.294,0.2838,0.294,0.2696,0.4936,-9.167699,6.5884,49.6721
1,4,9.6514,1.346068,0.419,0.3129,0.419,0.3557,0.5193,-4.401826,4.7842,29.0305
2,1,4.9826,1.289708,0.4296,0.3189,0.4296,0.3657,0.528,-1.625554,3.1248,13.5993
2,2,3.2973,1.278349,0.3961,0.2914,0.3961,0.3356,0.5069,-0.664876,2.3079,8.008
2,3,3.0042,1.266367,0.3979,0.2855,0.3979,0.3323,0.5233,-0.394678,2.1307,7.0591
2,4,2.6399,1.238255,0.4313,0.3117,0.4313,0.361,0.529,-0.109344,1.9425,5.9103
3,1,2.802,1.222723,0.4278,0.3108,0.4278,0.3417,0.5543,-0.22932,2.0431,6.4871
3,2,2.52,1.231714,0.4032,0.2847,0.4032,0.323,0.5334,-0.198466,1.8869,5.5261
3,3,2.4631,1.240469,0.3944,0.4934,0.3944,0.3186,0.5565,-0.059024,1.8432,5.3159
3,4,2.6431,1.231363,0.4137,0.3197,0.4137,0.3457,0.5653,-0.143295,1.9472,5.9372
4,1,2.5702,1.216572,0.4331,0.3833,0.4331,0.3463,0.5756,-0.102229,1.9173,5.7288
4,2,2.4259,1.218634,0.4419,0.3213,0.4419,0.3709,0.5601,-0.0607,1.8301,5.2427
4,3,2.459,1.245927,0.4032,0.2812,0.4032,0.3221,0.5519,-0.070543,1.8339,5.2894
4,4,2.5768,1.233777,0.4049,0.284,0.4049,0.3246,0.5402,-0.05474,1.9136,5.7105
5,1,2.5238,1.222909,0.4349,0.3198,0.4349,0.3502,0.557,-0.090437,1.895,5.5593
5,2,2.5093,1.221027,0.419,0.3012,0.419,0.3453,0.5687,-0.100212,1.8715,5.5152
5,3,2.4041,1.230431,0.4173,0.2922,0.4173,0.3297,0.5718,-0.081219,1.8021,5.1425
5,4,2.5453,1.230662,0.4261,0.379,0.4261,0.3519,0.5519,-0.050418,1.8943,5.6129
6,1,2.4918,1.213047,0.4525,0.3326,0.4525,0.3638,0.5816,-0.026923,1.8817,5.4756
6,2,2.4122,1.219511,0.4542,0.3293,0.4542,0.3795,0.5611,-0.062991,1.8244,5.1952
6,3,2.3866,1.239693,0.4032,0.3427,0.4032,0.3282,0.5603,-0.012956,1.7905,5.0626
6,4,2.5129,1.235596,0.4102,0.3214,0.4102,0.3449,0.5546,-0.031243,1.8729,5.4931
7,1,2.4469,1.226431,0.4225,0.3072,0.4225,0.3442,0.5513,-0.018789,1.8391,5.2947
7,2,2.3912,1.22463,0.4102,0.2903,0.4102,0.3234,0.5617,-0.031128,1.7993,5.1131
7,3,2.3817,1.235749,0.4225,0.2968,0.4225,0.3427,0.5609,-0.026867,1.7846,5.0556
7,4,2.5055,1.233585,0.4208,0.3401,0.4208,0.3535,0.5486,-0.03733,1.8604,5.4734
8,1,2.4627,1.224093,0.419,0.3022,0.419,0.3343,0.5515,-0.041331,1.859,5.3528
8,2,2.4092,1.222948,0.4349,0.3153,0.4349,0.3598,0.5468,-0.061885,1.817,5.1772
8,3,2.3558,1.241,0.4032,0.2819,0.4032,0.3257,0.5463,-0.025211,1.7704,4.957
8,4,2.494,1.220108,0.4261,0.2982,0.4261,0.3432,0.5719,-0.055363,1.8576,5.4663
9,1,2.4509,1.221781,0.4349,0.3223,0.4349,0.3512,0.56,-0.030482,1.851,5.3187
9,2,2.3657,1.211905,0.4208,0.3018,0.4208,0.3404,0.579,0.000166,1.7902,5.0579
9,3,2.3464,1.236232,0.4243,0.2987,0.4243,0.3438,0.5598,-0.021348,1.7629,4.9367
9,4,2.5099,1.231572,0.4067,0.3194,0.4067,0.3334,0.5666,-0.021313,1.8706,5.4928
10,1,2.465,1.21387,0.4419,0.4185,0.4419,0.3553,0.5728,-0.016253,1.865,5.3844
10,2,2.3983,1.22855,0.4014,0.2876,0.4014,0.3303,0.5501,-0.035417,1.8056,5.1279
10,3,2.3479,1.235165,0.4137,0.2889,0.4137,0.335,0.5643,-0.018429,1.7599,4.9444
10,4,2.4946,1.22239,0.419,0.3229,0.419,0.3417,0.5726,-0.025054,1.8595,5.4629
11,1,2.4497,1.210298,0.4278,0.3035,0.4278,0.3425,0.5876,-0.027123,1.8559,5.3415
11,2,2.372,1.224903,0.4296,0.309,0.4296,0.3518,0.5502,-0.021286,1.7896,5.0485
11,3,2.355,1.234737,0.3838,0.2677,0.3838,0.312,0.5724,-0.019718,1.7677,4.969
11,4,2.4873,1.222238,0.4137,0.3223,0.4137,0.3387,0.5754,-0.014783,1.8592,5.4392
12,1,2.4508,1.222381,0.4225,0.3655,0.4225,0.3441,0.5614,-0.018613,1.8475,5.3172
12,2,2.3792,1.222992,0.4243,0.3074,0.4243,0.3541,0.555,-0.015559,1.7904,5.0772
12,3,2.3541,1.231479,0.4102,0.2857,0.4102,0.3315,0.5716,-0.010461,1.7729,4.9737
12,4,2.5025,1.232926,0.4085,0.2931,0.4085,0.3404,0.5603,-0.024224,1.8624,5.465
13,1,2.4639,1.207124,0.4595,0.3359,0.4595,0.3811,0.5898,-0.037966,1.8599,5.3965
13,2,2.3814,1.2228,0.412,0.2967,0.412,0.3395,0.5543,-0.027257,1.7968,5.0847
13,3,2.3671,1.235826,0.4049,0.2855,0.4049,0.3324,0.5674,-0.021978,1.7721,5.0069
13,4,2.4838,1.232162,0.4032,0.2915,0.4032,0.3382,0.5669,-0.022508,1.8531,5.4043
14,1,2.4714,1.218705,0.4349,0.3127,0.4349,0.344,0.5755,-0.01089,1.8638,5.3944
14,2,2.3733,1.221653,0.4313,0.307,0.4313,0.3487,0.5616,-0.016612,1.7934,5.0603
14,3,2.35,1.237268,0.3996,0.2817,0.3996,0.3246,0.5635,-0.033878,1.7674,4.9463
14,4,2.4804,1.223207,0.4243,0.3078,0.4243,0.3568,0.5772,-0.009109,1.8544,5.4139
15,1,2.4482,1.212251,0.4472,0.3255,0.4472,0.3714,0.5876,-0.02569,1.8505,5.3321
15,2,2.3763,1.214911,0.4472,0.3235,0.4472,0.3709,0.5648,-0.034174,1.7951,5.0862
15,3,2.3536,1.227445,0.4349,0.306,0.4349,0.3573,0.583,-0.014162,1.7696,4.9814
15,4,2.5103,1.224162,0.4049,0.2878,0.4049,0.335,0.5699,-0.023979,1.868,5.5114
16,1,2.4415,1.216082,0.4454,0.3258,0.4454,0.3646,0.5755,-0.018262,1.8435,5.3006
16,2,2.3608,1.213634,0.4384,0.3159,0.4384,0.3636,0.578,-0.029847,1.7885,5.0376
16,3,2.3362,1.229573,0.4225,0.2993,0.4225,0.3501,0.5766,-0.010548,1.7587,4.9185
16,4,2.4818,1.221003,0.4137,0.362,0.4137,0.3458,0.5768,-0.02659,1.8509,5.4237
17,1,2.4328,1.209305,0.4366,0.3148,0.4366,0.3512,0.589,-0.017466,1.8442,5.2877
17,2,2.3731,1.224977,0.4208,0.3071,0.4208,0.3549,0.5552,-0.015551,1.7894,5.0522
17,3,2.3449,1.231284,0.4384,0.3098,0.4384,0.3618,0.5681,-0.029119,1.7656,4.9433
17,4,2.4883,1.21499,0.4419,0.3172,0.4419,0.3686,0.5821,-0.026264,1.8662,5.4594
18,1,2.4537,1.211156,0.4472,0.3238,0.4472,0.3671,0.5796,-0.031164,1.8549,5.3531
18,2,2.3621,1.214888,0.4296,0.3093,0.4296,0.3546,0.5722,-0.012999,1.7849,5.039
18,3,2.346,1.22994,0.419,0.2959,0.419,0.3413,0.5707,-0.033819,1.7627,4.9501
18,4,2.4986,1.215484,0.4525,0.5241,0.4525,0.3822,0.5858,-0.029252,1.8726,5.4926
19,1,2.4572,1.211767,0.4648,0.3386,0.4648,0.3883,0.5728,-0.035461,1.8631,5.3633
19,2,2.3532,1.211266,0.4278,0.3104,0.4278,0.3558,0.571,-0.022083,1.7818,5.0179
19,3,2.34,1.221589,0.4102,0.2878,0.4102,0.3328,0.5905,-0.001981,1.7646,4.9495
19,4,2.4919,1.22429,0.4349,0.3114,0.4349,0.3612,0.5714,-0.031353,1.8597,5.4497
20,1,2.4701,1.213077,0.4366,0.3185,0.4366,0.3652,0.5725,-0.024896,1.868,5.4031
20,2,2.3871,1.207048,0.4313,0.3118,0.4313,0.3601,0.5802,-0.026772,1.8007,5.1405
20,3,2.3431,1.22337,0.4243,0.3007,0.4243,0.3512,0.5769,-0.009229,1.7625,4.9556
20,4,2.489,1.220408,0.4331,0.3113,0.4331,0.3616,0.5799,-0.02282,1.8579,5.4489
21,1,2.4375,1.206247,0.4331,0.3125,0.4331,0.3551,0.5827,-0.007723,1.8425,5.3103
21,2,2.3588,1.211441,0.4173,0.2985,0.4173,0.3438,0.5764,-0.034259,1.7879,5.0358
21,3,2.3217,1.215812,0.4313,0.3064,0.4313,0.3578,0.5934,-0.002285,1.7513,4.9022
21,4,2.4707,1.209948,0.4489,0.3258,0.4489,0.3776,0.5974,-0.022839,1.8536,5.4125
22,1,2.445,1.202253,0.4577,0.3331,0.4577,0.3827,0.592,-0.018883,1.8528,5.3447
22,2,2.3596,1.200332,0.4613,0.3362,0.4613,0.3887,0.6055,-0.018994,1.7885,5.0645
22,3,2.3368,1.214065,0.4296,0.3041,0.4296,0.3555,0.5884,-0.016626,1.7613,4.9566
22,4,2.4655,1.211914,0.419,0.3045,0.419,0.3527,0.5848,-0.028801,1.8489,5.3906
23,1,2.4446,1.203849,0.4648,0.3403,0.4648,0.3908,0.5779,-0.026053,1.8539,5.3396
23,2,2.3489,1.199089,0.4437,0.3216,0.4437,0.3721,0.6065,-0.025242,1.784,5.0319
23,3,2.3298,1.213769,0.4155,0.2988,0.4155,0.3473,0.5899,0.003023,1.764,4.934
23,4,2.4559,1.198008,0.4401,0.3183,0.4401,0.3693,0.6066,-0.023937,1.8494,5.391
24,1,2.4271,1.19972,0.4789,0.3506,0.4789,0.4034,0.589,-0.006444,1.8479,5.291
24,2,2.3519,1.18871,0.4595,0.3384,0.4595,0.3895,0.5975,-0.022792,1.7948,5.0659
24,3,2.3362,1.204734,0.4349,0.3115,0.4349,0.3628,0.5982,-0.029864,1.7747,4.9761
24,4,2.449,1.18753,0.4401,0.3228,0.4401,0.3722,0.6141,-0.011872,1.8521,5.3926
25,1,2.4328,1.178889,0.4912,0.36,0.4912,0.4145,0.6188,-0.002773,1.8617,5.3585
25,2,2.3563,1.186646,0.4313,0.3163,0.4313,0.365,0.6093,-0.017102,1.7941,5.0856
25,3,2.3145,1.196326,0.4437,0.3176,0.4437,0.37,0.6035,-0.016786,1.7565,4.9235
25,4,2.4289,1.18177,0.4419,0.3341,0.4419,0.3767,0.6133,0.006857,1.8446,5.3387
26,1,2.413,1.170243,0.4806,0.3522,0.4806,0.406,0.6247,-0.021649,1.849,5.3127
26,2,2.3412,1.177102,0.4701,0.3432,0.4701,0.3964,0.625,-0.028984,1.784,5.0573
26,3,2.3133,1.18833,0.4401,0.3204,0.4401,0.3684,0.609,-0.021319,1.7585,4.9381
26,4,2.4399,1.171797,0.4595,0.3459,0.4595,0.3915,0.6249,-0.018058,1.8498,5.3986
27,1,2.408,1.155882,0.4982,0.3694,0.4982,0.424,0.634,-0.04572,1.8569,5.3296
27,2,2.3298,1.158445,0.4665,0.3455,0.4665,0.3961,0.6283,-0.031996,1.7934,5.0629
27,3,2.3002,1.170217,0.456,0.3325,0.456,0.3821,0.6271,-0.007135,1.7606,4.9369
27,4,2.4311,1.162945,0.4665,0.3575,0.4665,0.3993,0.623,-0.02547,1.8454,5.3901
28,1,2.3955,1.158858,0.4754,0.3522,0.4754,0.4045,0.6269,-0.005571,1.843,5.2811
28,2,2.3227,1.150656,0.463,0.3491,0.463,0.3942,0.6248,-0.013138,1.7911,5.0575
28,3,2.306,1.17031,0.4507,0.3318,0.4507,0.3786,0.616,-0.009772,1.7691,4.9558
28,4,2.4377,1.149657,0.4754,0.3606,0.4754,0.4044,0.6387,-0.006389,1.8558,5.4432
29,1,2.4009,1.158489,0.4859,0.3616,0.4859,0.4139,0.6128,-0.014519,1.8444,5.2999
29,2,2.3339,1.172646,0.456,0.3383,0.456,0.3874,0.6294,-0.0159,1.7882,5.0435
29,3,2.3179,1.171987,0.4542,0.3296,0.4542,0.3805,0.6298,-0.019631,1.7748,4.9916
29,4,2.4321,1.153563,0.5,0.3802,0.5,0.4262,0.6342,-0.007979,1.8528,5.4153
30,1,2.385,1.151276,0.4736,0.349,0.4736,0.4018,0.6356,-0.015873,1.8361,5.2638
30,2,2.3002,1.143495,0.4859,0.3601,0.4859,0.4125,0.624,-0.010341,1.775,4.9991
30,3,2.2971,1.164301,0.4683,0.3441,0.4683,0.3907,0.645,-0.017511,1.7568,4.9402
30,4,2.4383,1.177784,0.456,0.3419,0.456,0.3877,0.6103,-0.019154,1.8467,5.3793
31,1,2.3973,1.158128,0.4877,0.3589,0.4877,0.4133,0.6201,-0.023317,1.8478,5.2886
31,2,2.2908,1.127729,0.5,0.3767,0.5,0.4248,0.6499,-0.013396,1.7845,5.0047
31,3,2.3077,1.159529,0.4454,0.3223,0.4454,0.3729,0.6414,-0.042003,1.7765,4.9867
31,4,2.4279,1.144209,0.4701,0.3617,0.4701,0.4022,0.6341,-0.01393,1.856,5.423
32,1,2.4021,1.14259,0.4947,0.3805,0.4947,0.422,0.6288,-0.015449,1.8583,5.3411
32,2,2.3138,1.138214,0.4982,0.3831,0.4982,0.4256,0.6415,-0.033339,1.788,5.0568
32,3,2.2819,1.137067,0.4736,0.343,0.4736,0.3963,0.6568,2.4e-05,1.7704,4.9531
32,4,2.4083,1.127528,0.5018,0.3819,0.5018,0.4281,0.6466,-0.031377,1.8527,5.3968
33,1,2.3943,1.137055,0.4912,0.3735,0.4912,0.4207,0.6461,-0.003879,1.8486,5.3279
33,2,2.3027,1.125793,0.4701,0.3489,0.4701,0.3998,0.6656,-0.009594,1.7857,5.0488
33,3,2.2876,1.135081,0.4912,0.3678,0.4912,0.4138,0.6753,-0.02252,1.7677,4.9767
33,4,2.4305,1.137331,0.4859,0.373,0.4859,0.4148,0.6419,-0.003892,1.8587,5.4477
34,1,2.3972,1.128814,0.5,0.3737,0.5,0.4268,0.6488,-0.021235,1.8568,5.3568
34,2,2.283,1.115167,0.5053,0.3781,0.5053,0.4301,0.655,-0.004586,1.7798,5.0081
34,3,2.3561,1.16019,0.4859,0.3591,0.4859,0.4086,0.635,-0.074919,1.7928,5.1464
34,4,2.4398,1.134942,0.4947,0.3924,0.4947,0.4238,0.6496,-0.040394,1.8687,5.4843
35,1,2.3808,1.125112,0.4877,0.3681,0.4877,0.4174,0.6517,-0.028738,1.8488,5.3108
35,2,2.3112,1.132145,0.4982,0.3781,0.4982,0.4243,0.6437,-0.001754,1.7858,5.0623
35,3,2.2614,1.130648,0.4824,0.3494,0.4824,0.4031,0.6593,-0.00273,1.7536,4.8999
35,4,2.4289,1.139858,0.4806,0.3811,0.4806,0.4114,0.6494,-0.015846,1.8538,5.4368
36,1,2.3632,1.136476,0.4912,0.365,0.4912,0.4184,0.6464,-0.009023,1.8284,5.2256
36,2,2.3202,1.12705,0.5035,0.3808,0.5035,0.4299,0.6611,-0.018005,1.7979,5.1042
36,3,2.2728,1.140072,0.4842,0.3629,0.4842,0.4062,0.6486,-0.007546,1.7614,4.9159
36,4,2.4054,1.132183,0.5,0.3947,0.5,0.4286,0.6477,-0.008066,1.8451,5.3762
37,1,2.3752,1.107324,0.5088,0.3854,0.5088,0.4357,0.6719,-0.015478,1.8513,5.3335
37,2,2.2776,1.106754,0.4894,0.3624,0.4894,0.4153,0.672,-0.000832,1.7789,5.0097
37,3,2.2826,1.12801,0.5035,0.3769,0.5035,0.4247,0.6674,-0.014751,1.7626,4.9765
37,4,2.402,1.121154,0.507,0.3892,0.507,0.4346,0.6689,-0.019187,1.8503,5.3907
38,1,2.3604,1.092442,0.5176,0.3945,0.5176,0.4432,0.6642,-0.012594,1.8561,5.3189
38,2,2.2926,1.102582,0.5035,0.3798,0.5035,0.4292,0.6689,-0.038921,1.7886,5.0694
38,3,2.2625,1.116446,0.493,0.3734,0.493,0.417,0.6653,-0.032947,1.7587,4.9366
38,4,2.3965,1.120015,0.4947,0.3891,0.4947,0.4252,0.6529,-0.016214,1.846,5.3748
39,1,2.3819,1.098003,0.5176,0.3901,0.5176,0.4426,0.6742,-0.017448,1.8637,5.3776
39,2,2.3055,1.112037,0.5123,0.3796,0.5123,0.4353,0.6612,-0.01986,1.7958,5.0902
39,3,2.2407,1.100491,0.5229,0.3827,0.5229,0.4387,0.6821,-0.01453,1.7488,4.9013
39,4,2.4057,1.116945,0.5176,0.401,0.5176,0.4432,0.6645,-0.028443,1.8543,5.4129
40,1,2.3478,1.104025,0.5141,0.3874,0.5141,0.4399,0.6748,-0.003411,1.8428,5.25
40,2,2.2875,1.099407,0.5229,0.3998,0.5229,0.447,0.6717,-0.020675,1.7897,5.0598
40,3,2.2479,1.101586,0.5106,0.3772,0.5106,0.4293,0.6818,-0.011477,1.7575,4.9225
40,4,2.3724,1.094608,0.5053,0.3895,0.5053,0.4336,0.6751,-0.002756,1.8457,5.354
41,1,2.3595,1.086184,0.5211,0.3922,0.5211,0.4457,0.686,-0.025058,1.8543,5.3306
41,2,2.2629,1.085459,0.5264,0.4056,0.5264,0.4521,0.6987,0.003637,1.7817,5.0102
41,3,2.2616,1.113656,0.5,0.3655,0.5,0.4198,0.6734,-0.011441,1.7659,4.9402
41,4,2.4065,1.125954,0.4877,0.3755,0.4877,0.4175,0.6673,-0.02389,1.8471,5.3945
42,1,2.3422,1.07412,0.5423,0.4082,0.5423,0.4638,0.6971,-0.015394,1.8449,5.301
42,2,2.2622,1.075483,0.5229,0.3899,0.5229,0.4449,0.6939,-0.018942,1.7862,5.0312
42,3,2.2517,1.101725,0.5211,0.3839,0.5211,0.4376,0.68,-0.016762,1.7593,4.9351
42,4,2.3933,1.094175,0.5246,0.4086,0.5246,0.4501,0.6711,-0.042675,1.8565,5.4246
43,1,2.3338,1.059026,0.5581,0.4202,0.5581,0.4772,0.7065,-0.011885,1.8486,5.3084
43,2,2.2589,1.081335,0.5317,0.4023,0.5317,0.4542,0.6981,-0.020396,1.7781,5.0064
43,3,2.2357,1.070233,0.5158,0.3797,0.5158,0.4344,0.7142,-0.001963,1.7645,4.9552
43,4,2.3721,1.086854,0.5176,0.4015,0.5176,0.4447,0.7016,-0.014453,1.8437,5.3709
44,1,2.3446,1.064285,0.5387,0.4093,0.5387,0.4619,0.6969,-0.022542,1.8541,5.332
44,2,2.2671,1.084437,0.5282,0.3968,0.5282,0.4502,0.6896,-0.01879,1.7855,5.0267
44,3,2.2396,1.082158,0.5299,0.3902,0.5299,0.4453,0.6878,-0.00083,1.7628,4.9404
44,4,2.3628,1.083107,0.5158,0.3913,0.5158,0.4401,0.703,-0.013238,1.8381,5.3488
45,1,2.3513,1.095495,0.5317,0.3986,0.5317,0.4544,0.6826,0.002664,1.8477,5.2816
45,2,2.2668,1.068962,0.5511,0.4099,0.5511,0.4683,0.695,-0.010674,1.7833,5.0619
45,3,2.2533,1.083024,0.5176,0.3786,0.5176,0.4348,0.6986,-0.034857,1.767,4.9838
45,4,2.3628,1.065558,0.5423,0.4147,0.5423,0.4638,0.7068,-0.006247,1.8537,5.3897
46,1,2.3126,1.042671,0.5651,0.4241,0.5651,0.4827,0.7087,-0.003025,1.8423,5.2759
46,2,2.236,1.042691,0.5511,0.413,0.5511,0.4696,0.7166,0.000981,1.7793,5.0204
46,3,2.2253,1.066004,0.5352,0.3919,0.5352,0.4493,0.7147,-0.016804,1.7594,4.9302
46,4,2.3539,1.058719,0.5493,0.4503,0.5493,0.4725,0.7034,-0.013095,1.8421,5.3761
47,1,2.3204,1.043679,0.5757,0.4968,0.5757,0.4979,0.7271,-0.00686,1.8435,5.2993
47,2,2.2504,1.054941,0.5423,0.4064,0.5423,0.4616,0.7116,-0.010367,1.7836,5.0397
47,3,2.2231,1.046088,0.5405,0.4939,0.5405,0.4651,0.7413,-0.000637,1.7608,4.9694
47,4,2.3764,1.071571,0.5423,0.4787,0.5423,0.4722,0.7095,-0.030815,1.8573,5.4211
48,1,2.3223,1.031854,0.5757,0.5255,0.5757,0.4936,0.7289,-0.025911,1.8533,5.3334
48,2,2.2359,1.046579,0.5528,0.4102,0.5528,0.47,0.7339,-0.007955,1.7818,5.0108
48,3,2.2121,1.026749,0.5704,0.571,0.5704,0.491,0.7378,-0.025346,1.7689,4.978
48,4,2.3484,1.04315,0.5651,0.5763,0.5651,0.4968,0.736,-0.02413,1.8521,5.3941
49,1,2.3021,1.020606,0.5511,0.4477,0.5511,0.4752,0.7273,-0.01911,1.8447,5.2923
49,2,2.2351,1.026812,0.5563,0.4136,0.5563,0.4733,0.7287,-0.019729,1.7891,5.0543
49,3,2.2212,1.046154,0.5405,0.4463,0.5405,0.4589,0.7351,-0.01436,1.7593,4.9629
49,4,2.3776,1.058089,0.5194,0.4392,0.5194,0.4604,0.7074,-0.017367,1.8635,5.4565
50,1,2.3278,1.025449,0.5687,0.4315,0.5687,0.4894,0.7252,-0.045202,1.8626,5.3666
50,2,2.2271,1.021546,0.5511,0.4435,0.5511,0.4722,0.7349,-0.022588,1.7859,5.04
50,3,2.1963,1.017432,0.5651,0.5191,0.5651,0.4935,0.7489,-0.007778,1.761,4.9471
50,4,2.342,1.038086,0.5528,0.5217,0.5528,0.486,0.7263,-0.01565,1.8438,5.3843
51,1,2.2955,1.0037,0.5634,0.4824,0.5634,0.4927,0.7411,-0.017953,1.8488,5.3098
51,2,2.2312,1.02611,0.5528,0.4104,0.5528,0.4702,0.7355,-0.018534,1.7868,5.043
51,3,2.2402,1.071163,0.537,0.3943,0.537,0.4521,0.7145,-0.023423,1.7628,4.9678
51,4,2.3385,1.017467,0.5581,0.5085,0.5581,0.4989,0.7528,-0.030418,1.8524,5.421
52,1,2.3558,1.053108,0.5651,0.5049,0.5651,0.4916,0.7131,-0.059987,1.8551,5.3956
52,2,2.2295,1.007515,0.5722,0.6328,0.5722,0.4958,0.744,-0.022248,1.7907,5.0808
52,3,2.2087,1.028646,0.5423,0.4663,0.5423,0.4723,0.7426,-0.00977,1.7676,4.962
52,4,2.3256,0.995182,0.5863,0.5446,0.5863,0.5374,0.7667,-0.014802,1.8629,5.4298
53,1,2.2939,0.983056,0.5722,0.4779,0.5722,0.5031,0.758,-0.01819,1.8517,5.3526
53,2,2.1928,0.978426,0.5775,0.5327,0.5775,0.505,0.7565,-0.022445,1.7865,5.0264
53,3,2.1781,1.004032,0.5528,0.4657,0.5528,0.4756,0.7484,0.003036,1.7576,4.9175
53,4,2.3034,0.998023,0.5546,0.4948,0.5546,0.5076,0.7672,-0.000821,1.845,5.3493
54,1,2.2473,0.96015,0.6056,0.5406,0.6056,0.5494,0.7575,-0.007526,1.8407,5.2508
54,2,2.1952,0.963075,0.588,0.5338,0.588,0.5239,0.765,-0.023323,1.7973,5.0701
54,3,2.1728,0.972491,0.5599,0.4916,0.5599,0.493,0.7697,-0.027529,1.7676,4.9734
54,4,2.3204,0.986881,0.5739,0.5653,0.5739,0.5227,0.7569,-0.02471,1.8504,5.4319
55,1,2.2879,0.978102,0.5792,0.523,0.5792,0.5266,0.7622,-0.021603,1.8587,5.3441
55,2,2.2191,1.009158,0.5651,0.5102,0.5651,0.5052,0.7396,-0.023135,1.7862,5.0423
55,3,2.2054,1.020657,0.5704,0.5763,0.5704,0.5056,0.7395,-0.019547,1.764,4.9699
55,4,2.3102,0.997505,0.5687,0.5192,0.5687,0.5116,0.7544,-0.028825,1.8463,5.3731
56,1,2.2767,0.985627,0.5704,0.486,0.5704,0.508,0.7612,-0.021747,1.8429,5.2892
56,2,2.213,0.985661,0.5722,0.5212,0.5722,0.5155,0.7576,-0.03086,1.7928,5.0766
56,3,2.1626,0.966051,0.5757,0.5168,0.5757,0.5171,0.7675,-0.005352,1.7681,4.9546
56,4,2.3531,1.017801,0.5581,0.5012,0.5581,0.5069,0.7423,-0.021556,1.8597,5.4688
57,1,2.2783,0.978671,0.5933,0.5253,0.5933,0.5294,0.7697,-0.024549,1.8473,5.3107
57,2,2.2089,0.983324,0.5792,0.5008,0.5792,0.5175,0.7563,-0.045789,1.7967,5.0686
57,3,2.1446,0.961115,0.5722,0.5216,0.5722,0.5032,0.7786,-0.029551,1.7562,4.9061
57,4,2.303,0.972274,0.5827,0.5399,0.5827,0.5234,0.7687,-0.013584,1.8508,5.408
58,1,2.2773,0.976874,0.5898,0.5262,0.5898,0.5445,0.7663,-0.033212,1.8519,5.3118
58,2,2.1976,0.975646,0.5845,0.5432,0.5845,0.5253,0.7619,-0.030186,1.7863,5.0487
58,3,2.1723,0.9711,0.5775,0.5163,0.5775,0.5307,0.7613,-0.014949,1.7708,4.9751
58,4,2.2917,0.955861,0.6004,0.5554,0.6004,0.5432,0.7811,-0.026806,1.8505,5.4086
59,1,2.2641,0.970313,0.5898,0.5337,0.5898,0.5378,0.767,0.011212,1.843,5.283
59,2,2.1975,0.981304,0.5775,0.5189,0.5775,0.5166,0.7515,-0.023729,1.7814,5.0353
59,3,2.1292,0.956092,0.6004,0.5486,0.6004,0.5424,0.7821,-0.004092,1.7488,4.8664
59,4,2.2995,0.977498,0.5915,0.5433,0.5915,0.5539,0.7716,-0.022618,1.854,5.3841
60,1,2.2547,0.905181,0.6144,0.5412,0.6144,0.5602,0.797,-0.032641,1.8659,5.4037
60,2,2.174,0.944034,0.6004,0.5351,0.6004,0.5465,0.7819,-0.009428,1.7875,5.0439
60,3,2.1321,0.958623,0.5827,0.5389,0.5827,0.5256,0.773,-0.0105,1.7481,4.8703
60,4,2.2715,0.942606,0.5933,0.5427,0.5933,0.5565,0.7844,-0.008135,1.8451,5.3722
61,1,2.2555,0.949644,0.6004,0.5508,0.6004,0.5553,0.7695,-0.003681,1.8505,5.3026
61,2,2.1686,0.928319,0.6162,0.5627,0.6162,0.5554,0.7908,-0.027276,1.7932,5.0624
61,3,2.114,0.924585,0.5986,0.544,0.5986,0.5558,0.791,-0.012682,1.7581,4.8893
61,4,2.2702,0.92977,0.6162,0.5736,0.6162,0.5784,0.793,-0.020016,1.8495,5.3977
62,1,2.2389,0.936737,0.5863,0.5255,0.5863,0.539,0.7765,-0.008721,1.844,5.2774
62,2,2.171,0.944151,0.6004,0.544,0.6004,0.5597,0.7813,-0.026141,1.7832,5.0336
62,3,2.1118,0.916861,0.6074,0.5529,0.6074,0.5649,0.7778,-0.002259,1.7506,4.8999
62,4,2.2327,0.905652,0.6092,0.5552,0.6092,0.5685,0.7925,0.002035,1.8331,5.329
63,1,2.2414,0.938791,0.5986,0.5324,0.5986,0.5483,0.779,-0.013039,1.8432,5.2807
63,2,2.1293,0.885299,0.6162,0.5665,0.6162,0.5673,0.8095,-0.01457,1.7808,5.032
63,3,2.1389,0.919505,0.618,0.5651,0.618,0.5722,0.7931,-0.015206,1.767,4.9843
63,4,2.2658,0.923996,0.6039,0.56,0.6039,0.5718,0.7902,-0.015655,1.847,5.3966
64,1,2.2834,0.95264,0.6144,0.5604,0.6144,0.5759,0.7866,-0.041611,1.8583,5.3886
64,2,2.1423,0.926259,0.5915,0.5343,0.5915,0.541,0.7943,0.010522,1.7726,4.9797
64,3,2.1436,0.942259,0.5951,0.5399,0.5951,0.5558,0.7901,-0.034435,1.7629,4.9466
64,4,2.2526,0.89269,0.6285,0.5798,0.6285,0.5903,0.8057,-0.008157,1.8528,5.4258
65,1,2.2367,0.917802,0.6092,0.5484,0.6092,0.5577,0.792,-0.008975,1.8468,5.314
65,2,2.1351,0.898851,0.625,0.5661,0.625,0.5814,0.8008,-0.009065,1.7843,5.0197
65,3,2.1097,0.9169,0.6021,0.5486,0.6021,0.5617,0.7984,-0.01865,1.7531,4.893
65,4,2.2401,0.904845,0.6039,0.5592,0.6039,0.5773,0.8056,-0.017088,1.8428,5.3557
66,1,2.228,0.898931,0.6162,0.5579,0.6162,0.5785,0.7932,-0.007485,1.8509,5.3291
66,2,2.1451,0.894028,0.6092,0.551,0.6092,0.5622,0.8062,-0.037209,1.7838,5.0643
66,3,2.082,0.867169,0.6162,0.5588,0.6162,0.5736,0.8218,-0.01365,1.7552,4.9168
66,4,2.2474,0.910014,0.6092,0.5585,0.6092,0.5767,0.8024,-0.002395,1.8494,5.368
67,1,2.1891,0.850391,0.632,0.5713,0.632,0.5943,0.8223,-0.014316,1.8485,5.3129
67,2,2.1094,0.872869,0.632,0.5762,0.632,0.594,0.8163,0.004778,1.7756,4.9948
67,3,2.1352,0.937786,0.5739,0.5765,0.5739,0.5312,0.7912,-0.012055,1.7587,4.9293
67,4,2.2683,0.924141,0.618,0.5689,0.618,0.5844,0.7999,-0.003601,1.8484,5.4047
68,1,2.1932,0.882279,0.6285,0.5738,0.6285,0.5956,0.8125,-0.012652,1.8366,5.252
68,2,2.1114,0.851404,0.6673,0.6805,0.6673,0.6334,0.824,-0.016548,1.7984,5.0513
68,3,2.0877,0.85256,0.6285,0.5787,0.6285,0.5739,0.824,-0.020402,1.762,4.9698
68,4,2.2202,0.871476,0.632,0.5927,0.632,0.6074,0.8222,0.005039,1.8444,5.3671
69,1,2.2168,0.878497,0.6074,0.552,0.6074,0.5732,0.8143,-0.035654,1.8529,5.3396
69,2,2.1026,0.855377,0.6496,0.607,0.6496,0.6081,0.8198,-0.013726,1.7805,5.0129
69,3,2.0733,0.86848,0.632,0.5734,0.632,0.5907,0.8184,-0.015209,1.7529,4.8847
69,4,2.2071,0.845013,0.6496,0.6038,0.6496,0.6202,0.8293,-0.020997,1.8496,5.3852
70,1,2.2039,0.878159,0.6338,0.5796,0.6338,0.6011,0.8135,-0.016767,1.8467,5.2973
70,2,2.072,0.805735,0.6796,0.6318,0.6796,0.6448,0.8427,-0.013945,1.785,5.0267
70,3,2.1004,0.893494,0.5986,0.5437,0.5986,0.56,0.8214,-0.003366,1.7609,4.9166
70,4,2.2049,0.840691,0.6479,0.606,0.6479,0.6261,0.8269,-0.002691,1.846,5.3882
71,1,2.195,0.864146,0.6268,0.6461,0.6268,0.6016,0.8196,-0.014561,1.8508,5.3002
71,2,2.089,0.851098,0.6426,0.6071,0.6426,0.6041,0.8306,-0.008231,1.771,4.9776
71,3,2.0472,0.83693,0.6215,0.5668,0.6215,0.5901,0.8276,-0.01281,1.749,4.8711
71,4,2.1919,0.83818,0.6444,0.5937,0.6444,0.6129,0.834,-0.002598,1.8339,5.3507
72,1,2.2055,0.866249,0.6303,0.6424,0.6303,0.5983,0.8199,-0.023455,1.847,5.3305
72,2,2.1107,0.850069,0.6637,0.6221,0.6637,0.622,0.8248,-0.011174,1.7832,5.0522
72,3,2.0683,0.848037,0.6391,0.5928,0.6391,0.6137,0.8225,-0.01969,1.7561,4.9154
72,4,2.2135,0.863991,0.625,0.5789,0.625,0.5981,0.8232,-0.000845,1.8414,5.3624
73,1,2.1841,0.845402,0.6391,0.5862,0.6391,0.6104,0.8285,-0.017979,1.8457,5.3078
73,2,2.091,0.840629,0.6373,0.5889,0.6373,0.5995,0.8164,-0.018169,1.7822,5.0085
73,3,2.062,0.848812,0.6373,0.6534,0.6373,0.6084,0.8268,-0.000581,1.7465,4.8928
73,4,2.1974,0.836662,0.6408,0.5985,0.6408,0.6184,0.8364,-0.005922,1.8432,5.3726
74,1,2.1738,0.848919,0.6356,0.6085,0.6356,0.6084,0.8287,-0.014642,1.8393,5.2652
74,2,2.0752,0.831698,0.6637,0.6259,0.6637,0.6276,0.824,-0.008443,1.7709,4.9767
74,3,2.0672,0.82182,0.6532,0.6346,0.6532,0.6204,0.841,-0.001558,1.7655,4.973
74,4,2.205,0.851307,0.6268,0.6166,0.6268,0.6048,0.8263,-0.023141,1.8418,5.3635
75,1,2.1518,0.807512,0.6708,0.6168,0.6708,0.6383,0.8409,-0.019325,1.8436,5.2886
75,2,2.0635,0.798462,0.6637,0.6555,0.6637,0.6339,0.8415,-0.018521,1.7838,5.0153
75,3,2.0426,0.810143,0.6567,0.6495,0.6567,0.6318,0.8421,-0.015464,1.7583,4.9184
75,4,2.1992,0.843675,0.618,0.6041,0.618,0.5978,0.8268,-0.010359,1.8457,5.362
76,1,2.1738,0.82251,0.6514,0.6132,0.6514,0.6243,0.8309,-0.00805,1.8523,5.3267
76,2,2.0869,0.811742,0.6514,0.6317,0.6514,0.6246,0.8431,-0.0147,1.7903,5.0623
76,3,2.0596,0.833594,0.6426,0.6573,0.6426,0.6128,0.8394,-0.017945,1.7586,4.9202
76,4,2.156,0.787522,0.6479,0.6471,0.6479,0.6285,0.8491,-0.034293,1.837,5.3492
77,1,2.1711,0.836133,0.6373,0.6445,0.6373,0.6055,0.8306,-0.016043,1.846,5.2861
77,2,2.0438,0.759572,0.6919,0.6846,0.6919,0.6657,0.8611,-0.012722,1.785,5.0402
77,3,2.0703,0.830105,0.6408,0.6325,0.6408,0.6154,0.8453,-0.024904,1.7599,4.9643
77,4,2.1621,0.782423,0.6532,0.6368,0.6532,0.6326,0.8551,-0.010553,1.8448,5.3813
78,1,2.1422,0.803563,0.6285,0.6121,0.6285,0.6069,0.8383,-0.00932,1.8417,5.2657
78,2,2.0688,0.784693,0.6901,0.7045,0.6901,0.6676,0.8555,-0.026834,1.7881,5.0649
78,3,2.0277,0.774443,0.6373,0.6228,0.6373,0.6132,0.8644,-0.019413,1.7593,4.952
78,4,2.1839,0.811293,0.6444,0.6386,0.6444,0.6274,0.8481,-0.007826,1.8449,5.3865
79,1,2.1648,0.8239,0.6232,0.6037,0.6232,0.6009,0.8293,-0.017887,1.8441,5.2934
79,2,2.0547,0.805611,0.6743,0.6679,0.6743,0.6475,0.8467,0.007129,1.7709,4.9691
79,3,2.004,0.764967,0.6514,0.6285,0.6514,0.6295,0.862,0.003605,1.756,4.895
79,4,2.1984,0.841139,0.6461,0.627,0.6461,0.6273,0.8348,-0.018105,1.8493,5.3653
80,1,2.1386,0.777943,0.6549,0.6462,0.6549,0.6338,0.8497,-0.01341,1.8479,5.3134
80,2,2.0257,0.745114,0.6884,0.6694,0.6884,0.6639,0.8647,-0.009074,1.7795,5.0138
80,3,2.0482,0.833654,0.6356,0.6137,0.6356,0.6175,0.8401,-0.00789,1.7494,4.8822
80,4,2.1475,0.750337,0.6725,0.6467,0.6725,0.6478,0.8655,-0.021917,1.853,5.4076
81,1,2.1356,0.782714,0.6514,0.6394,0.6514,0.6362,0.8453,-0.005618,1.8494,5.2923
81,2,2.0387,0.758167,0.6813,0.6573,0.6813,0.645,0.8549,-0.004029,1.7822,5.0266
81,3,2.009,0.724944,0.6884,0.6717,0.6884,0.6677,0.8734,-0.034013,1.7824,5.0051
81,4,2.1568,0.76677,0.6673,0.653,0.6673,0.6471,0.8652,-0.013535,1.8532,5.4002
82,1,2.1389,0.788432,0.6391,0.6233,0.6391,0.6216,0.8492,-0.026043,1.8478,5.29
82,2,2.0502,0.757631,0.6866,0.6721,0.6866,0.6673,0.8563,-0.006343,1.7866,5.0663
82,3,1.9761,0.720677,0.6849,0.6644,0.6849,0.6624,0.8752,-0.008021,1.758,4.9054
82,4,2.1179,0.73445,0.6796,0.6676,0.6796,0.6589,0.8692,-0.034188,1.8399,5.3458
83,1,2.1284,0.773014,0.6725,0.6586,0.6725,0.6617,0.8528,-0.010798,1.8453,5.2909
83,2,2.0531,0.783233,0.6549,0.6285,0.6549,0.6299,0.8533,-0.009927,1.7853,5.0162
83,3,2.0139,0.776854,0.6549,0.6444,0.6549,0.6368,0.86,-0.009589,1.7499,4.9003
83,4,2.1661,0.781293,0.662,0.6664,0.662,0.6508,0.8669,-0.019691,1.8477,5.3974
84,1,2.1176,0.758268,0.6743,0.6577,0.6743,0.6602,0.8601,-0.008003,1.8449,5.2893
84,2,2.0194,0.748826,0.6549,0.6316,0.6549,0.633,0.862,-0.017904,1.7751,4.9839
84,3,2.0328,0.81139,0.6461,0.6341,0.6461,0.6263,0.8495,-0.01119,1.7472,4.8827
84,4,2.1317,0.770958,0.6813,0.6674,0.6813,0.662,0.8603,-0.009689,1.8341,5.3069
85,1,2.1084,0.771739,0.6761,0.6558,0.6761,0.6609,0.8572,0.011857,1.8339,5.2273
85,2,2.0402,0.746093,0.6901,0.6774,0.6901,0.679,0.8689,-0.019874,1.7896,5.0599
85,3,1.9778,0.727364,0.6743,0.6544,0.6743,0.655,0.8741,-0.008006,1.7539,4.8956
85,4,2.1803,0.794304,0.6567,0.652,0.6567,0.647,0.8557,-0.007366,1.8427,5.4144
86,1,2.1208,0.766274,0.6831,0.6709,0.6831,0.6701,0.856,-0.008909,1.844,5.2815
86,2,1.9938,0.722436,0.7077,0.6908,0.7077,0.6855,0.8697,-0.004599,1.7704,4.9603
86,3,2.0046,0.758781,0.6585,0.6416,0.6585,0.639,0.861,-0.018148,1.7574,4.9113
86,4,2.159,0.759291,0.6778,0.6699,0.6778,0.6554,0.8706,-0.019122,1.8571,5.4248
87,1,2.0912,0.732526,0.6866,0.681,0.6866,0.6708,0.8719,-0.008449,1.8407,5.2615
87,2,2.0054,0.700513,0.6989,0.6769,0.6989,0.6809,0.8797,-0.001841,1.7832,5.05
87,3,1.9488,0.681389,0.7007,0.6883,0.7007,0.6897,0.8889,-0.024009,1.7557,4.9061
87,4,2.1066,0.731389,0.6901,0.6947,0.6901,0.6777,0.8736,-0.000814,1.8324,5.3155
88,1,2.1145,0.748563,0.6637,0.6535,0.6637,0.6518,0.86,-0.048085,1.8572,5.3017
88,2,2.0132,0.740213,0.7007,0.6818,0.7007,0.6786,0.8615,0.006457,1.7737,4.9834
88,3,1.9636,0.725405,0.7025,0.6944,0.7025,0.6854,0.8762,-0.003852,1.7425,4.8528
88,4,2.1321,0.748225,0.6602,0.651,0.6602,0.6516,0.866,-0.003702,1.8395,5.3611
89,1,2.0738,0.714559,0.6743,0.6689,0.6743,0.6607,0.8771,-0.013256,1.8349,5.2453
89,2,2.0202,0.731396,0.6761,0.6623,0.6761,0.6577,0.8738,0.001095,1.7794,5.0275
89,3,1.9861,0.73976,0.6585,0.6445,0.6585,0.6413,0.8763,-0.012388,1.7518,4.8941
89,4,2.1253,0.737201,0.6567,0.6464,0.6567,0.6429,0.8673,-0.002271,1.8448,5.3643
90,1,2.0615,0.671987,0.6989,0.6866,0.6989,0.6844,0.8866,0.007538,1.847,5.3038
90,2,1.9944,0.676391,0.6919,0.6839,0.6919,0.677,0.8881,-0.021263,1.7865,5.0697
90,3,1.9293,0.669344,0.7377,0.7277,0.7377,0.7257,0.8999,0.004789,1.7505,4.8691
90,4,2.0847,0.696836,0.6901,0.6846,0.6901,0.6826,0.8798,-0.003833,1.8365,5.3231
91,1,2.0832,0.717776,0.6972,0.6844,0.6972,0.6884,0.8751,-0.003607,1.8423,5.2691
91,2,1.9956,0.696347,0.713,0.6934,0.713,0.6931,0.8803,-0.013383,1.7785,5.0271
91,3,1.9846,0.714947,0.6901,0.691,0.6901,0.6805,0.8809,-0.019076,1.768,4.9472
91,4,2.1239,0.727337,0.6831,0.6665,0.6831,0.6713,0.8721,-0.025087,1.8545,5.3826
92,1,2.0759,0.7182,0.669,0.6593,0.669,0.6579,0.8742,-0.006092,1.8322,5.2438
92,2,1.9671,0.663836,0.7095,0.6963,0.7095,0.6935,0.8921,-0.014544,1.7747,5.008
92,3,1.929,0.665819,0.7077,0.6954,0.7077,0.6928,0.8858,0.000193,1.7502,4.8764
92,4,2.1034,0.691696,0.7007,0.6968,0.7007,0.6929,0.8845,0.000967,1.8491,5.3972
93,1,2.048,0.66832,0.7183,0.7097,0.7183,0.7045,0.888,-0.011006,1.8445,5.2673
93,2,1.9938,0.709348,0.7077,0.6869,0.7077,0.6886,0.8801,-0.012402,1.7777,4.9909
93,3,1.9565,0.689522,0.6866,0.6679,0.6866,0.6704,0.8823,0.003192,1.7601,4.9128
93,4,2.1093,0.705586,0.7007,0.693,0.7007,0.692,0.8908,-0.014637,1.8468,5.3848
94,1,2.0418,0.674339,0.7077,0.6945,0.7077,0.6938,0.8838,0.008643,1.8342,5.2326
94,2,1.9672,0.641799,0.7236,0.7136,0.7236,0.7073,0.8991,-0.034909,1.7873,5.0597
94,3,1.9417,0.667197,0.7201,0.7084,0.7201,0.7099,0.893,-0.011163,1.7573,4.9157
94,4,2.0546,0.653556,0.7007,0.6992,0.7007,0.6952,0.893,-0.016427,1.8396,5.3236
95,1,2.0496,0.670447,0.7148,0.7124,0.7148,0.7079,0.8853,-0.014613,1.8387,5.2678
95,2,1.9925,0.693299,0.7095,0.6946,0.7095,0.6958,0.8777,-0.01498,1.777,5.0238
95,3,1.9248,0.669523,0.7289,0.7164,0.7289,0.7173,0.8962,0.003252,1.7416,4.8536
95,4,2.0913,0.704412,0.6954,0.6891,0.6954,0.6882,0.8763,0.003767,1.838,5.3273
96,1,2.0341,0.677821,0.6901,0.7003,0.6901,0.6877,0.8817,0.0157,1.8252,5.1987
96,2,1.9413,0.626915,0.7359,0.7295,0.7359,0.7247,0.9041,-0.018251,1.7798,5.0081
96,3,1.9567,0.711507,0.6884,0.6826,0.6884,0.68,0.8827,-0.006635,1.7507,4.8622
96,4,2.0986,0.679557,0.6972,0.6896,0.6972,0.6899,0.8891,-0.007802,1.854,5.4097
97,1,2.0972,0.700286,0.7148,0.7064,0.7148,0.7068,0.8784,-0.027993,1.8578,5.3565
97,2,1.9531,0.632026,0.7095,0.7042,0.7095,0.6946,0.9012,-0.023509,1.7811,5.0355
97,3,1.9,0.627879,0.7148,0.7075,0.7148,0.7065,0.9016,-0.007843,1.7418,4.8684
97,4,2.0622,0.639805,0.7077,0.7154,0.7077,0.7041,0.9016,-0.009724,1.8424,5.3811
98,1,2.0796,0.690549,0.7042,0.6901,0.7042,0.6901,0.8808,0.000285,1.8477,5.3209
98,2,1.959,0.62498,0.7201,0.7065,0.7201,0.711,0.8999,-0.019084,1.7899,5.0717
98,3,1.9328,0.682235,0.6937,0.6821,0.6937,0.6796,0.8835,-0.008575,1.7439,4.8508
98,4,2.0704,0.666246,0.7113,0.7221,0.7113,0.7018,0.8987,0.006666,1.8343,5.3466
99,1,2.0855,0.692415,0.6831,0.673,0.6831,0.6721,0.8771,-0.012588,1.847,5.3362
99,2,1.9648,0.668581,0.7165,0.7066,0.7165,0.7041,0.8888,0.001266,1.7776,4.9892
99,3,1.9294,0.658327,0.7183,0.7095,0.7183,0.7101,0.9048,-0.004207,1.754,4.8951
99,4,2.0546,0.63571,0.7412,0.7351,0.7412,0.7339,0.9051,-0.021831,1.8371,5.3655
100,1,2.0237,0.645932,0.706,0.7002,0.706,0.6978,0.8908,-0.006021,1.8394,5.2385
100,2,1.9312,0.623889,0.7324,0.718,0.7324,0.7183,0.9013,0.005436,1.7732,4.9816
100,3,1.9081,0.622442,0.7236,0.7158,0.7236,0.7094,0.9,-0.015764,1.7513,4.9078
100,4,2.0137,0.598521,0.7254,0.725,0.7254,0.7216,0.9112,-0.00047,1.8345,5.3157
101,1,2.0286,0.629544,0.7359,0.7283,0.7359,0.7263,0.9015,-0.025072,1.8411,5.2929
101,2,1.9562,0.644488,0.7236,0.7151,0.7236,0.7129,0.8986,-0.019949,1.7812,5.0167
101,3,1.8909,0.619739,0.706,0.6963,0.706,0.6944,0.9035,-0.00745,1.746,4.857
101,4,2.0435,0.621615,0.7218,0.7169,0.7218,0.7164,0.9069,-0.01042,1.8435,5.3611
102,1,2.015,0.629999,0.7095,0.7053,0.7095,0.7031,0.9047,0.011778,1.8345,5.2466
102,2,1.9707,0.649124,0.7148,0.7021,0.7148,0.6962,0.8945,-0.024212,1.7842,5.0545
102,3,1.9721,0.692054,0.7025,0.6921,0.7025,0.6947,0.8855,-0.024404,1.7588,4.9588
102,4,2.0651,0.662835,0.6954,0.6835,0.6954,0.6836,0.894,-0.012366,1.8376,5.3372
103,1,2.0392,0.636028,0.7271,0.7211,0.7271,0.7191,0.8971,-0.006769,1.856,5.3131
103,2,1.983,0.682388,0.706,0.6912,0.706,0.6919,0.8905,-0.011977,1.7762,5.0178
103,3,1.927,0.660071,0.7148,0.7051,0.7148,0.7055,0.8995,-0.012543,1.7524,4.883
103,4,2.0418,0.622247,0.7165,0.7179,0.7165,0.7079,0.9094,-0.004412,1.8393,5.3541
104,1,2.0312,0.651826,0.7095,0.6967,0.7095,0.6991,0.8925,-0.010237,1.8323,5.2498
104,2,1.9446,0.622191,0.7447,0.7355,0.7447,0.7354,0.9047,-0.011022,1.7805,5.0301
104,3,1.8899,0.593779,0.7271,0.7305,0.7271,0.7186,0.9077,-0.0064,1.7599,4.9143
104,4,2.0754,0.670217,0.713,0.7186,0.713,0.7093,0.8963,-0.004564,1.8482,5.3541
105,1,2.0184,0.610199,0.7324,0.7257,0.7324,0.7269,0.9066,-0.020162,1.8463,5.3042
105,2,1.944,0.617158,0.7342,0.7272,0.7342,0.7188,0.9035,-0.012052,1.7782,5.0401
105,3,1.8863,0.614026,0.7271,0.7191,0.7271,0.7173,0.9036,0.007352,1.7461,4.855
105,4,2.0356,0.646084,0.7077,0.7171,0.7077,0.7053,0.9022,0.011508,1.8309,5.2777
106,1,2.0539,0.662678,0.7042,0.6922,0.7042,0.6941,0.8892,-0.006745,1.8376,5.3
106,2,1.9366,0.617749,0.7148,0.6967,0.7148,0.7008,0.9011,-0.01438,1.7741,5.0141
106,3,1.9253,0.643612,0.7201,0.716,0.7201,0.7163,0.8986,-0.00517,1.7524,4.9158
106,4,2.0224,0.594024,0.7377,0.7358,0.7377,0.7297,0.9111,0.00021,1.8387,5.3553
107,1,1.9891,0.590118,0.7518,0.743,0.7518,0.7397,0.9114,-0.000378,1.8331,5.2533
107,2,1.9373,0.592293,0.743,0.7297,0.743,0.7333,0.911,-0.023139,1.7826,5.0755
107,3,1.9231,0.620872,0.7254,0.7178,0.7254,0.7163,0.9037,-0.016876,1.7659,4.9617
107,4,2.046,0.611638,0.75,0.7442,0.75,0.7448,0.9175,-0.017572,1.846,5.3928
108,1,2.0027,0.600994,0.7412,0.7333,0.7412,0.7288,0.9063,-0.030962,1.8308,5.2735
108,2,1.8868,0.557352,0.7606,0.7584,0.7606,0.7546,0.9173,0.006367,1.7802,4.9889
108,3,1.9144,0.640484,0.6989,0.6918,0.6989,0.6895,0.9,-0.01413,1.7511,4.8868
108,4,1.9992,0.594958,0.7201,0.7192,0.7201,0.7147,0.9063,0.004048,1.8299,5.2758
109,1,1.9775,0.579257,0.7289,0.7181,0.7289,0.7191,0.9131,-0.015056,1.8357,5.24
109,2,1.9171,0.583305,0.7676,0.7582,0.7676,0.7577,0.916,-0.016356,1.7826,5.0292
109,3,1.8887,0.604296,0.7183,0.7049,0.7183,0.7059,0.907,-0.008437,1.7482,4.8855
109,4,2.0285,0.602797,0.7289,0.7276,0.7289,0.7267,0.9127,-0.02514,1.8389,5.3551
110,1,2.0051,0.598993,0.7359,0.7301,0.7359,0.7291,0.9111,-0.019721,1.8355,5.286
110,2,1.9357,0.599306,0.7482,0.7356,0.7482,0.737,0.9073,0.014199,1.7797,5.0541
110,3,1.8703,0.574107,0.7482,0.74,0.7482,0.7373,0.9163,-0.02118,1.7483,4.8946
110,4,1.9995,0.574033,0.7465,0.7438,0.7465,0.7398,0.9203,-0.011389,1.8347,5.3257
111,1,2.0169,0.612065,0.7236,0.7096,0.7236,0.7132,0.9005,-0.015597,1.8453,5.295
111,2,1.897,0.57217,0.7394,0.727,0.7394,0.7264,0.9184,-0.005734,1.7759,4.9882
111,3,1.9117,0.640324,0.7113,0.7063,0.7113,0.7034,0.8978,0.010927,1.7469,4.8784
111,4,2.0577,0.638465,0.7218,0.7128,0.7218,0.7151,0.9024,-0.023226,1.8458,5.3692
112,1,2.0139,0.620588,0.7289,0.7276,0.7289,0.7223,0.9065,-0.005823,1.8419,5.2651
112,2,1.9211,0.578567,0.7254,0.7085,0.7254,0.7139,0.9148,-0.01036,1.7823,5.0535
112,3,1.8656,0.578033,0.7324,0.7207,0.7324,0.7235,0.9207,-0.007231,1.7468,4.8698
112,4,2.0028,0.594666,0.7447,0.7422,0.7447,0.7393,0.9136,0.00177,1.8235,5.2884
113,1,1.9889,0.580607,0.7095,0.7095,0.7095,0.708,0.9135,-0.006276,1.8439,5.2748
113,2,1.8836,0.558885,0.75,0.74,0.75,0.7424,0.9216,-0.004867,1.7665,4.9745
113,3,1.8872,0.596204,0.7465,0.7439,0.7465,0.7409,0.9147,-0.020576,1.7558,4.8994
113,4,2.0568,0.653266,0.7201,0.7228,0.7201,0.7184,0.9031,-0.012631,1.8389,5.3316
114,1,2.0071,0.597665,0.7289,0.7222,0.7289,0.7228,0.9083,-0.016276,1.8426,5.2959
114,2,1.8807,0.568699,0.7465,0.7377,0.7465,0.7334,0.916,0.00784,1.766,4.942
114,3,1.8353,0.548899,0.7447,0.7397,0.7447,0.7338,0.9201,0.00037,1.7444,4.8369
114,4,2.0078,0.593737,0.7465,0.753,0.7465,0.7453,0.9135,-0.007775,1.8335,5.3073
115,1,2.0062,0.605854,0.7289,0.7271,0.7289,0.7267,0.9095,-0.015327,1.8447,5.2737
115,2,1.9217,0.594199,0.7218,0.7101,0.7218,0.7088,0.9117,-0.005548,1.7731,5.0193
115,3,1.8919,0.586798,0.7165,0.7129,0.7165,0.7095,0.9141,0.001968,1.7555,4.9372
115,4,2.0078,0.591426,0.7535,0.7526,0.7535,0.7488,0.9149,-0.010761,1.8333,5.3127
116,1,1.9634,0.524527,0.7923,0.7885,0.7923,0.785,0.9295,-0.030036,1.8412,5.3209
116,2,1.8697,0.543229,0.7535,0.7453,0.7535,0.7485,0.9191,-0.013731,1.7741,4.9647
116,3,1.8661,0.582017,0.743,0.7361,0.743,0.7367,0.9158,-0.008343,1.7467,4.8624
116,4,2.0184,0.602352,0.743,0.7416,0.743,0.7397,0.912,-0.000859,1.8413,5.3224
117,1,1.9512,0.546797,0.7518,0.7516,0.7518,0.749,0.9185,0.001874,1.8268,5.2281
117,2,1.9064,0.582515,0.75,0.7453,0.75,0.7395,0.9157,-0.010596,1.777,4.9956
117,3,1.8513,0.555679,0.7535,0.7492,0.7535,0.7476,0.9203,0.012428,1.7475,4.8744
117,4,1.9922,0.568463,0.7606,0.7636,0.7606,0.7581,0.9209,-0.000412,1.8333,5.3141
118,1,1.9538,0.569997,0.7254,0.7175,0.7254,0.7204,0.9144,0.007527,1.8232,5.1825
118,2,1.9109,0.58596,0.7377,0.7249,0.7377,0.7281,0.9124,-0.020992,1.7736,5.0025
118,3,1.8798,0.602589,0.7254,0.7195,0.7254,0.7173,0.9043,0.002555,1.7514,4.8598
118,4,2.0204,0.569318,0.7465,0.7451,0.7465,0.7442,0.9219,-0.012002,1.8469,5.4062
119,1,1.9627,0.528064,0.7641,0.7582,0.7641,0.7605,0.9236,-0.026176,1.8482,5.3102
119,2,1.8805,0.543989,0.7641,0.7581,0.7641,0.7546,0.9226,-0.010392,1.7836,4.9992
119,3,1.8609,0.551706,0.7623,0.7662,0.7623,0.7557,0.9251,0.006439,1.7566,4.9158
119,4,1.9638,0.500466,0.7923,0.7924,0.7923,0.7892,0.9361,-0.005272,1.8492,5.3781
120,1,2.0101,0.605972,0.7183,0.7138,0.7183,0.7143,0.9095,-0.01699,1.8391,5.2863
120,2,1.8659,0.558968,0.7447,0.7363,0.7447,0.7344,0.9153,0.001392,1.758,4.9156
120,3,1.8324,0.537044,0.7518,0.7535,0.7518,0.7457,0.9218,-0.008238,1.7457,4.855
120,4,1.9978,0.594922,0.7518,0.7515,0.7518,0.747,0.9112,0.006312,1.8169,5.2712
121,1,1.9294,0.527909,0.7746,0.7688,0.7746,0.7702,0.9274,0.004124,1.826,5.1997
121,2,1.9124,0.566675,0.7606,0.7514,0.7606,0.7518,0.9192,-0.011579,1.7781,5.0525
121,3,1.8715,0.562983,0.75,0.7405,0.75,0.7393,0.9186,-0.027763,1.7596,4.9246
121,4,1.9955,0.586827,0.7394,0.7507,0.7394,0.7405,0.9188,-0.018622,1.823,5.2825
122,1,1.9579,0.55906,0.7482,0.7445,0.7482,0.7415,0.9219,0.001573,1.8303,5.2217
122,2,1.8924,0.561872,0.7535,0.7485,0.7535,0.7448,0.9206,0.006689,1.7745,4.997
122,3,1.8701,0.548104,0.757,0.7507,0.757,0.7515,0.9227,-0.0392,1.7656,4.9548
122,4,1.9651,0.520584,0.7852,0.7832,0.7852,0.7825,0.9316,-0.011186,1.8326,5.3355
123,1,1.9627,0.545864,0.7676,0.7658,0.7676,0.7635,0.92,0.00515,1.8403,5.2686
123,2,1.8943,0.565888,0.7606,0.7518,0.7606,0.75,0.9164,-0.012599,1.7697,4.9939
123,3,1.8411,0.539114,0.7447,0.7398,0.7447,0.7388,0.9252,0.001473,1.7489,4.879
123,4,1.9535,0.511946,0.7782,0.7784,0.7782,0.7733,0.9301,-0.014758,1.8294,5.3173
124,1,1.9787,0.588371,0.7324,0.7245,0.7324,0.7279,0.9114,-0.004189,1.8362,5.2228
124,2,1.9579,0.658686,0.706,0.704,0.706,0.6979,0.8984,0.008214,1.7673,4.9893
124,3,1.8859,0.613223,0.7377,0.7305,0.7377,0.7302,0.9048,-0.007985,1.7455,4.8556
124,4,2.0254,0.567697,0.7377,0.7346,0.7377,0.7308,0.9205,0.004911,1.8566,5.4268
125,1,1.9292,0.525994,0.7641,0.757,0.7641,0.7585,0.9253,-0.00673,1.8309,5.2034
125,2,1.8803,0.537054,0.7641,0.7551,0.7641,0.7542,0.9291,-0.013795,1.778,5.0145
125,3,1.8245,0.507146,0.7764,0.7692,0.7764,0.7721,0.9367,-0.006275,1.7513,4.8983
125,4,1.9903,0.555602,0.7518,0.7517,0.7518,0.7458,0.9172,0.000885,1.838,5.3381
126,1,1.9427,0.545466,0.757,0.7512,0.757,0.7511,0.9234,-0.000351,1.8278,5.2031
126,2,1.8278,0.502026,0.7817,0.7768,0.7817,0.7746,0.9307,0.015203,1.7573,4.9213
126,3,1.8265,0.555495,0.7553,0.7452,0.7553,0.7438,0.926,-0.004417,1.7281,4.7921
126,4,1.9578,0.526775,0.7782,0.7766,0.7782,0.7757,0.9324,0.003811,1.8323,5.297
127,1,1.9718,0.564856,0.75,0.7452,0.75,0.7462,0.9187,-0.010896,1.8317,5.2546
127,2,1.8765,0.537883,0.7764,0.7703,0.7764,0.7688,0.9231,0.000765,1.7757,4.9998
127,3,1.8279,0.532101,0.7588,0.7496,0.7588,0.7529,0.9268,-0.016997,1.7444,4.8515
127,4,2.0066,0.575779,0.7535,0.748,0.7535,0.7475,0.918,0.011476,1.8344,5.3453
128,1,1.9539,0.531019,0.7658,0.7641,0.7658,0.7621,0.9241,-0.018183,1.8395,5.2738
128,2,1.8652,0.52737,0.7764,0.7727,0.7764,0.7726,0.9257,-0.00862,1.7785,4.9869
128,3,1.8287,0.557544,0.7482,0.743,0.7482,0.7438,0.9228,0.008623,1.7321,4.7947
128,4,1.9681,0.552685,0.7465,0.7503,0.7465,0.7447,0.9186,0.016064,1.8159,5.2707
129,1,1.9662,0.544239,0.7606,0.7541,0.7606,0.7548,0.9239,-0.004823,1.839,5.2841
129,2,1.8724,0.502587,0.7711,0.7629,0.7711,0.7659,0.9288,-0.026928,1.7835,5.0688
129,3,1.8406,0.52615,0.7852,0.7842,0.7852,0.7823,0.9303,0.00575,1.7501,4.9076
129,4,1.9908,0.546354,0.7623,0.7543,0.7623,0.7536,0.9254,-0.025588,1.8436,5.3613
130,1,1.9546,0.538453,0.7658,0.7627,0.7658,0.7624,0.9242,-0.00198,1.841,5.259
130,2,1.8293,0.493844,0.7958,0.7882,0.7958,0.7901,0.9326,-0.012109,1.762,4.9454
130,3,1.8158,0.518582,0.7835,0.7764,0.7835,0.774,0.9315,-0.005994,1.7387,4.8428
130,4,1.9428,0.509116,0.7694,0.7719,0.7694,0.7689,0.9317,0.017454,1.8299,5.2881
131,1,1.9587,0.520947,0.7817,0.775,0.7817,0.7771,0.9246,-0.003494,1.8461,5.3135
131,2,1.8531,0.50294,0.7817,0.7782,0.7817,0.7755,0.9312,-0.020968,1.782,5.0034
131,3,1.8311,0.540297,0.757,0.7537,0.757,0.7519,0.9243,0.008386,1.7364,4.843
131,4,1.9511,0.510306,0.7782,0.7706,0.7782,0.7704,0.9346,-0.00241,1.8326,5.313
132,1,1.9647,0.555141,0.7641,0.7571,0.7641,0.7588,0.9153,-0.005202,1.8317,5.2538
132,2,1.8318,0.514151,0.7676,0.76,0.7676,0.7594,0.9258,0.012164,1.755,4.9065
132,3,1.7945,0.495459,0.7923,0.7885,0.7923,0.786,0.9417,0.010486,1.74,4.8257
132,4,1.966,0.521439,0.7729,0.779,0.7729,0.7647,0.9304,-0.016587,1.8427,5.3368
133,1,1.9447,0.510998,0.7764,0.7714,0.7764,0.7728,0.9302,-0.013721,1.8509,5.2901
133,2,1.8607,0.50032,0.7817,0.774,0.7817,0.7746,0.9369,-0.009078,1.7734,5.0348
133,3,1.8575,0.554881,0.75,0.748,0.75,0.7456,0.9243,0.000859,1.7575,4.897
133,4,1.9591,0.516224,0.7852,0.7833,0.7852,0.7816,0.932,0.008057,1.8311,5.3258
134,1,1.9699,0.555387,0.7588,0.7607,0.7588,0.7532,0.9206,-0.001348,1.8406,5.2703
134,2,1.8163,0.46728,0.7905,0.7833,0.7905,0.7832,0.9436,0.005195,1.7736,4.9641
134,3,1.7875,0.484236,0.7835,0.7775,0.7835,0.7779,0.936,-0.012273,1.7361,4.8284
134,4,1.977,0.500319,0.7658,0.7669,0.7658,0.7597,0.9349,-0.000277,1.8562,5.4225
135,1,1.942,0.512006,0.7711,0.7705,0.7711,0.7682,0.9228,-0.021234,1.845,5.2785
135,2,1.8128,0.482594,0.7799,0.7773,0.7799,0.7762,0.9384,0.001416,1.7534,4.9165
135,3,1.8319,0.512843,0.7711,0.7659,0.7711,0.7661,0.9354,-0.023998,1.7501,4.9095
135,4,1.9414,0.499086,0.7905,0.79,0.7905,0.7886,0.935,0.015433,1.8313,5.3067
136,1,1.9086,0.493343,0.7817,0.777,0.7817,0.7776,0.9338,0.000909,1.8248,5.2109
136,2,1.849,0.492441,0.7887,0.775,0.7887,0.7788,0.9358,-0.032109,1.7773,5.0142
136,3,1.8246,0.50235,0.7782,0.7783,0.7782,0.7713,0.9359,-0.002862,1.7565,4.9099
136,4,1.9429,0.504257,0.7764,0.7789,0.7764,0.7759,0.9369,-0.00628,1.8256,5.2999
137,1,1.9367,0.509887,0.7623,0.759,0.7623,0.76,0.9286,-0.008791,1.8358,5.266
137,2,1.8331,0.465973,0.8116,0.803,0.8116,0.8037,0.9421,0.004783,1.7745,5.0231
137,3,1.7982,0.491389,0.7835,0.7776,0.7835,0.7785,0.9403,-0.001177,1.7358,4.8473
137,4,1.9478,0.514447,0.7799,0.7747,0.7799,0.7753,0.9329,-0.000201,1.8311,5.2921
138,1,1.9388,0.532824,0.7641,0.7583,0.7641,0.7605,0.9279,-0.004526,1.8329,5.2194
138,2,1.7935,0.445561,0.7975,0.7945,0.7975,0.7923,0.946,0.007707,1.7671,4.9387
138,3,1.8082,0.486335,0.7852,0.7856,0.7852,0.7776,0.9356,2.4e-05,1.7543,4.8927
138,4,1.939,0.492334,0.7835,0.784,0.7835,0.7817,0.9367,-0.003406,1.8301,5.3145
139,1,1.9144,0.484418,0.7905,0.7888,0.7905,0.7866,0.9389,-0.005138,1.8349,5.2509
139,2,1.8214,0.474086,0.8011,0.7955,0.8011,0.7963,0.9414,-0.000794,1.7692,4.9652
139,3,1.835,0.541195,0.7535,0.7488,0.7535,0.747,0.927,0.001181,1.751,4.8537
139,4,1.9916,0.51127,0.7658,0.7693,0.7658,0.7657,0.9313,-0.002887,1.8496,5.4457
140,1,1.9042,0.459924,0.8099,0.8054,0.8099,0.8074,0.9397,-0.007534,1.846,5.2743
140,2,1.8618,0.513239,0.7852,0.7808,0.7852,0.7792,0.9289,-0.008481,1.7773,5.0085
140,3,1.8156,0.514897,0.757,0.7473,0.757,0.7493,0.9273,-0.006532,1.7427,4.8507
140,4,1.9487,0.514946,0.7887,0.7884,0.7887,0.7838,0.931,-0.001917,1.8306,5.2941
141,1,1.927,0.52602,0.7993,0.7993,0.7993,0.797,0.9333,0.019383,1.819,5.1961
141,2,1.8402,0.472505,0.7958,0.7893,0.7958,0.7889,0.9389,-0.025477,1.7807,5.0315
141,3,1.8295,0.516658,0.7553,0.7534,0.7553,0.7538,0.9317,-0.015999,1.7528,4.8928
141,4,1.926,0.491396,0.7852,0.7818,0.7852,0.7794,0.9391,0.009236,1.819,5.2733
142,1,1.9234,0.493246,0.7694,0.7656,0.7694,0.765,0.9303,-0.005876,1.8412,5.2604
142,2,1.8672,0.507907,0.7711,0.7645,0.7711,0.7671,0.9322,-0.03317,1.78,5.039
142,3,1.8031,0.499909,0.7817,0.7857,0.7817,0.7778,0.9353,0.006389,1.7404,4.8439
142,4,1.9221,0.498872,0.7835,0.7874,0.7835,0.783,0.9376,0.015777,1.8148,5.2429
143,1,1.9139,0.494789,0.7658,0.7614,0.7658,0.7608,0.9297,-0.009457,1.8315,5.2253
143,2,1.7996,0.44196,0.7993,0.7913,0.7993,0.79,0.9443,0.016251,1.7626,4.9675
143,3,1.7817,0.454951,0.8063,0.8035,0.8063,0.8008,0.9432,-0.000495,1.7456,4.8775
143,4,1.932,0.475192,0.7958,0.8022,0.7958,0.7956,0.9413,0.001916,1.8318,5.3311
144,1,1.909,0.490055,0.7817,0.7748,0.7817,0.7768,0.9305,0.015251,1.825,5.2197
144,2,1.7931,0.423977,0.8116,0.809,0.8116,0.8065,0.9487,-0.001225,1.7789,4.9877
144,3,1.8002,0.478334,0.7817,0.7804,0.7817,0.779,0.9383,-0.004958,1.7466,4.8846
144,4,1.9325,0.470365,0.7958,0.8074,0.7958,0.7937,0.9377,-0.005349,1.8372,5.3441
145,1,1.9044,0.485209,0.7835,0.7783,0.7835,0.7801,0.9305,-0.012292,1.8199,5.2159
145,2,1.7905,0.434616,0.8099,0.8018,0.8099,0.8019,0.9462,-0.003511,1.7687,4.9541
145,3,1.7636,0.446677,0.7975,0.8,0.7975,0.7948,0.946,0.006071,1.7402,4.8366
145,4,1.945,0.487547,0.7676,0.7705,0.7676,0.7661,0.9344,0.007705,1.8353,5.3459
146,1,1.9153,0.502377,0.7958,0.7975,0.7958,0.7909,0.9336,-0.004211,1.8283,5.2123
146,2,1.8463,0.471236,0.7958,0.7885,0.7958,0.7908,0.9342,-0.025352,1.7888,5.0546
146,3,1.8213,0.502789,0.7887,0.7878,0.7887,0.787,0.9357,0.007493,1.7537,4.8977
146,4,1.8997,0.445981,0.7975,0.7947,0.7975,0.795,0.9417,0.003086,1.8261,5.2917
147,1,1.8811,0.46944,0.8063,0.8023,0.8063,0.8028,0.9396,0.009787,1.8191,5.1751
147,2,1.8143,0.470329,0.7835,0.7817,0.7835,0.7772,0.9387,0.000993,1.7664,4.9503
147,3,1.769,0.456703,0.7975,0.7988,0.7975,0.7904,0.9379,-0.01276,1.737,4.8311
147,4,1.9235,0.479895,0.7782,0.7858,0.7782,0.7774,0.9374,0.00806,1.8293,5.2919
148,1,1.9032,0.508042,0.7799,0.7726,0.7799,0.773,0.9303,0.015947,1.8186,5.1584
148,2,1.8185,0.46833,0.7923,0.7914,0.7923,0.7892,0.9406,-0.006333,1.7651,4.9688
148,3,1.7487,0.42311,0.8222,0.8196,0.8222,0.819,0.948,-0.010976,1.7424,4.8417
148,4,1.9128,0.460597,0.8011,0.7999,0.8011,0.7951,0.9418,0.001271,1.8313,5.3012
149,1,1.886,0.446614,0.7993,0.7931,0.7993,0.7944,0.9416,0.007227,1.8333,5.2446
149,2,1.7548,0.414202,0.8222,0.8195,0.8222,0.8194,0.948,0.012033,1.7576,4.8829
149,3,1.8,0.470286,0.8046,0.8011,0.8046,0.8012,0.9439,0.018103,1.7505,4.9028
149,4,1.9376,0.475309,0.8063,0.8112,0.8063,0.8007,0.9358,-0.015046,1.8363,5.3495
150,1,1.9009,0.469867,0.7852,0.7849,0.7852,0.7824,0.9347,-0.003644,1.8268,5.2399
150,2,1.8257,0.481814,0.7835,0.7822,0.7835,0.7813,0.9352,0.008873,1.7774,4.9616
150,3,1.8079,0.483005,0.7958,0.7917,0.7958,0.7884,0.9378,-0.005055,1.7517,4.8993
150,4,1.958,0.501004,0.7852,0.7899,0.7852,0.7839,0.9365,-0.022759,1.8368,5.3576
