,epoch,Model,accuracy,precision,cross_entropy_loss,mae_loss,mse_loss,recall,auc
0,5,convnext-tiny,0.3829225352112676,0.2754636999930566,1.2555136697159874,1.8300014783938727,5.261848042408626,0.3829225352112676,0.49501719772908315
1,5,densenet121,0.48679577464788737,0.46056980586520946,1.1526680770847533,1.8082088811530006,5.157175398535198,0.48679577464788737,0.6675402055976444
2,5,efficientnet-b0,0.3860035211267605,0.2744587873286475,1.2431637942790985,1.8766733722554312,5.502634896172418,0.3860035211267605,0.5069624084444289
3,5,ghostnetv2,0.38776408450704225,0.284060989239862,1.2464226616753473,1.8355605320798025,5.296956731213464,0.38776408450704225,0.510415066880975
4,5,mnasnet0_5,0.4014084507042254,0.2881290352592578,1.2347840600543551,1.804276923338572,5.1365392241213055,0.4014084507042254,0.5248423082775158
5,5,mobilenetv2,0.3983274647887324,0.24540660588582275,1.2380256901184719,1.8003655191924837,5.118925058179432,0.3983274647887324,0.5234786144287527
6,5,regnety-400mf,0.43617957746478875,0.4192851541532074,1.2216274787982304,1.8255897644493315,5.249897542927,0.43617957746478875,0.5682752517720242
7,5,resnet18,0.4485035211267605,0.3719166035929673,1.1950349625613954,1.82197747959031,5.212060415082508,0.4485035211267605,0.603265184986
8,5,shufflenetv2-0.5x,0.3974471830985915,0.2429650368641877,1.2389138887325923,1.8049450748496585,5.133479184574551,0.3974471830985915,0.5126937022641066
9,5,tinynet-a,0.4220950704225352,0.30020624710304983,1.226632308628824,1.8408377998405032,5.30684424440066,0.4220950704225352,0.55639321687552
10,5,vgg16,0.38600352112676056,0.24139181747399355,1.2471322798066669,2.0834193329016366,6.749269263611899,0.38600352112676056,0.4795471073028959
11,5,vit-tiny,0.39524647887323944,0.2730367388020043,1.245292647017373,1.830160720480813,5.26787797609965,0.39524647887323944,0.5017024077094274
12,10,convnext-tiny,0.383362676056338,0.28712370997807024,1.264007180929184,1.821476853556103,5.241177707910538,0.383362676056338,0.4815391775410071
13,10,densenet121,0.5699823943661972,0.5173106072094391,1.0140039796630542,1.8095047920942307,5.15736538834042,0.5699823943661972,0.7574950402004491
14,10,efficientnet-b0,0.39744718309859156,0.2860279834979757,1.2366245488325756,1.8268102357784908,5.236108319626914,0.39744718309859156,0.5269908370229524
15,10,ghostnetv2,0.39964788732394363,0.2822302224839085,1.2382597509357665,1.8456929359171124,5.364026420646244,0.39964788732394363,0.5232017614967834
16,10,mnasnet0_5,0.4357394366197183,0.31424812253676637,1.2218341943290498,1.8089598053031497,5.162068499459161,0.4357394366197183,0.5628710449061529
17,10,mobilenetv2,0.4242957746478873,0.3045194518232601,1.215685781505373,1.8031662735674117,5.13143002986908,0.4242957746478873,0.5702993660927481
18,10,regnety-400mf,0.4647887323943662,0.3910573225737169,1.1610321419106588,1.8214631660117042,5.220352199342516,0.4647887323943662,0.6347436807657127
19,10,resnet18,0.5110035211267605,0.4315348045776455,1.1009938228461478,1.8170277376969655,5.196222292052375,0.5110035211267605,0.698702617629117
20,10,shufflenetv2-0.5x,0.40008802816901406,0.28143423949721635,1.2349590443902545,1.8075159556335874,5.1522373325294915,0.40008802816901406,0.5339909495825099
21,10,tinynet-a,0.426056338028169,0.30470868387439726,1.2221655630403094,1.8120754609505336,5.179922789335251,0.426056338028169,0.5674846396455971
22,10,vgg16,0.40096830985915494,0.2965037525863057,1.2410809563265905,1.9390832881132762,5.864437762233946,0.40096830985915494,0.4981953104377403
23,10,vit-tiny,0.383362676056338,0.25690655093306114,1.244077602194415,1.834433236055904,5.270898689826329,0.383362676056338,0.5054121576338415
24,15,convnext-tiny,0.3723591549295775,0.2589186664734957,1.2552721814976797,1.8206944664319358,5.219112995598051,0.3723591549295775,0.4880347288460352
25,15,densenet121,0.6047535211267605,0.5623387009697408,0.9186501047677464,1.8099401245514553,5.1679899957444935,0.6047535211267605,0.8052905711144982
26,15,efficientnet-b0,0.40492957746478875,0.28693170616123054,1.2333901507986917,1.821001476711697,5.221907085842557,0.40492957746478875,0.5349021865180145
27,15,ghostnetv2,0.4467429577464789,0.375408955988499,1.2070052640305624,1.8374442491266463,5.278459065490299,0.4467429577464789,0.5814484112107805
28,15,mnasnet0_5,0.4485035211267605,0.3249360380619215,1.202069385184182,1.8043620702293184,5.145451015896267,0.4485035211267605,0.5848487815703941
29,15,mobilenetv2,0.4705105633802817,0.4249106580851354,1.1661671259337,1.8090184314383402,5.158964395523071,0.4705105633802817,0.6279544792947064
30,15,regnety-400mf,0.4977992957746479,0.45577939440081394,1.1067838445305824,1.8305044555001788,5.269970519675149,0.4977992957746479,0.6870233944473252
31,15,resnet18,0.528169014084507,0.46601093381029135,1.0688384398818016,1.8232382022672229,5.234360009431839,0.528169014084507,0.7328437614783587
32,15,shufflenetv2-0.5x,0.3886443661971831,0.2705707032082546,1.23162099884616,1.8062087164984808,5.146112746662563,0.3886443661971831,0.5325328531660021
33,15,tinynet-a,0.4242957746478873,0.3069757076345543,1.2136457628673978,1.816000160243776,5.190703392028809,0.4242957746478873,0.5766472558999236
34,15,vgg16,0.3952464788732394,0.24935234084032482,1.2444037546714146,1.9175640526745055,5.729120079014036,0.3952464788732394,0.501334861218511
35,15,vit-tiny,0.3873239436619718,0.25604563304876127,1.2481935835546918,1.8308085650205612,5.258271412716971,0.3873239436619718,0.49366841938918393
36,20,convnext-tiny,0.3908450704225352,0.275318004534936,1.2528087894121807,1.8137999690241284,5.175050692425834,0.3908450704225352,0.49043372783193095
37,20,densenet121,0.6553697183098591,0.6396357641220032,0.7880874276161194,1.8050748705863953,5.141815659072664,0.6553697183098591,0.8559255137915525
38,20,efficientnet-b0,0.4176936619718309,0.30333276538580334,1.2250594463613298,1.8203962081008487,5.215523974763022,0.4176936619718309,0.5485245049402964
39,20,ghostnetv2,0.48899647887323944,0.41396102249160427,1.155797061820825,1.8510035309526656,5.381914092434777,0.48899647887323944,0.6334605629061717
40,20,mnasnet0_5,0.4599471830985915,0.33755414689023766,1.1772164106369019,1.811217154065768,5.1635884046554565,0.4599471830985915,0.6112857127354006
41,20,mobilenetv2,0.5061619718309859,0.44649393089705175,1.11001016282373,1.8093205574485989,5.168440163135529,0.5061619718309859,0.6816430869304928
42,20,regnety-400mf,0.5638204225352113,0.5144118521278336,1.0095168327291808,1.8276268011993833,5.233599192566341,0.5638204225352113,0.7515393230314477
43,20,resnet18,0.5699823943661972,0.5433798259598867,0.9594785446921985,1.8208944880300098,5.213413460387124,0.5699823943661972,0.7916821291068581
44,20,shufflenetv2-0.5x,0.4128521126760563,0.2919510644082701,1.2180931717157364,1.8050464755958981,5.140172984864977,0.4128521126760563,0.5537613435274545
45,20,tinynet-a,0.45026408450704225,0.33544049417717814,1.1880965183178585,1.813978652159373,5.188742564784156,0.45026408450704225,0.6090697385142585
46,20,vgg16,0.4071302816901408,0.26071712454231755,1.237451273534033,1.8978449536694422,5.672547893391715,0.4071302816901408,0.5343469370532413
47,20,vit-tiny,0.41989436619718307,0.29892189259571794,1.2332668287886512,1.8281692001554701,5.248419774903192,0.41989436619718307,0.5457366717733952
48,25,convnext-tiny,0.37676056338028163,0.2579090837688227,1.2507947517765894,1.8353190786308713,5.304728200038275,0.37676056338028163,0.49622996832404836
49,25,densenet121,0.670774647887324,0.6597884811011102,0.7590567813151412,1.8083167291349835,5.1576931575934095,0.670774647887324,0.8682389607120242
50,25,efficientnet-b0,0.42077464788732394,0.3035061565325367,1.208766930633121,1.8150158176819482,5.188582764731513,0.42077464788732394,0.5616273608389338
51,25,ghostnetv2,0.5180457746478874,0.4252693865654183,1.1118314440051713,1.8314617723226547,5.250384009546703,0.5180457746478874,0.6660684105698895
52,25,mnasnet0_5,0.4713908450704225,0.36043473951365257,1.1497977326313655,1.8128697557581797,5.173535972833633,0.4713908450704225,0.6459865734875176
53,25,mobilenetv2,0.5374119718309859,0.4789625629893288,1.0421685957246356,1.807326399617725,5.149622208542294,0.5374119718309859,0.7193819609935741
54,25,regnety-400mf,0.6016725352112676,0.5457418136754081,0.9154423069622781,1.8245883352226682,5.231356700261434,0.6016725352112676,0.7965026009914795
55,25,resnet18,0.6073943661971831,0.5799244614544605,0.9023615734444723,1.8207094238864052,5.217769162522422,0.6073943661971831,0.8130477536569106
56,25,shufflenetv2-0.5x,0.457306338028169,0.337675004674054,1.1871827443440754,1.8039899104171329,5.137387063768175,0.457306338028169,0.5947892830843248
57,25,tinynet-a,0.46434859154929575,0.3645477142227731,1.1680604964494705,1.8077432844373915,5.153637266821331,0.46434859154929575,0.6279121132443175
58,25,vgg16,0.4375,0.3213626351223974,1.218907740381029,1.9394500719176397,5.762700501415464,0.4375,0.5740209446957242
59,25,vit-tiny,0.465669014084507,0.38186788615059514,1.2046205633216434,1.831976047820515,5.261260108815299,0.465669014084507,0.6032881227282307
60,30,convnext-tiny,0.37411971830985913,0.2544153369238799,1.2495591574245029,1.8278780894147024,5.244674454132716,0.37411971830985913,0.49319686709966654
61,30,densenet121,0.7015845070422535,0.6928197204955849,0.6931230040887991,1.8073195848200057,5.158239781856537,0.7015845070422535,0.8858487785013269
62,30,efficientnet-b0,0.43838028169014087,0.3222835974721884,1.1900104954838753,1.818714020980729,5.199880808591843,0.43838028169014087,0.5764831191569815
63,30,ghostnetv2,0.5523767605633803,0.4721966922136972,1.0467949277824826,1.8311717907587688,5.270029620991813,0.5523767605633803,0.7072388604325491
64,30,mnasnet0_5,0.5026408450704225,0.45556444227905235,1.1098319697711203,1.8121956090132394,5.17047213183509,0.5026408450704225,0.6695353707140624
65,30,mobilenetv2,0.5642605633802816,0.5122546279922279,0.9917693899737464,1.80587919221984,5.154686682754093,0.5642605633802816,0.754727855154859
66,30,regnety-400mf,0.6241197183098592,0.5890291830305522,0.8598893458644549,1.8258448988199234,5.235500554243723,0.6241197183098592,0.8238247397762243
67,30,resnet18,0.6311619718309859,0.6146020875627374,0.8317596481906043,1.8175566858715482,5.206699331601461,0.6311619718309859,0.8406560136454027
68,30,shufflenetv2-0.5x,0.4647887323943662,0.3510846260296788,1.1711797830131319,1.8081657969289355,5.154606564177407,0.4647887323943662,0.6126771918568643
69,30,tinynet-a,0.4933978873239437,0.37258799460151837,1.1250721572173967,1.807396873831749,5.153567254543304,0.4933978873239437,0.661877136321938
70,30,vgg16,0.4920774647887324,0.4094923569045688,1.1634980771276684,1.8738058143191867,5.480320490068859,0.4920774647887324,0.6474248620985819
71,30,vit-tiny,0.4735915492957746,0.414351087546185,1.1851256200008922,1.826905174387826,5.244384984175364,0.4735915492957746,0.6277343566599288
72,35,convnext-tiny,0.38204225352112675,0.29827676231090355,1.2495367742247052,1.8264891405900319,5.228508018785053,0.38204225352112675,0.49463508344845925
73,35,densenet121,0.7257922535211268,0.7228299153743346,0.6310143346587818,1.8049257877800198,5.132766925626331,0.7257922535211268,0.9035507918354929
74,35,efficientnet-b0,0.45686619718309857,0.3362801048861968,1.1765282832913928,1.8211747921175427,5.216472519768609,0.45686619718309857,0.6096747377164896
75,35,ghostnetv2,0.5717429577464789,0.5091998664988109,1.0118470597598288,1.8323135127623877,5.285949223571354,0.5717429577464789,0.7332597925102093
76,35,mnasnet0_5,0.4995598591549296,0.43975337543757226,1.0967252668407228,1.8087218701839447,5.152055038346185,0.4995598591549296,0.683416039584005
77,35,mobilenetv2,0.5871478873239436,0.5345320138209665,0.9508307294713126,1.8064449429512024,5.151005645593007,0.5871478873239436,0.781072532682362
78,35,regnety-400mf,0.6544894366197184,0.636360175877789,0.7868817407223914,1.8190506199995675,5.207647007372644,0.6544894366197184,0.8476101954116582
79,35,resnet18,0.6584507042253521,0.6442709202699929,0.7749395428432359,1.8156920191314485,5.191102822621663,0.6584507042253521,0.8587444699349575
80,35,shufflenetv2-0.5x,0.48327464788732394,0.36214986142145156,1.1538826326529186,1.8069259110424254,5.15054577589035,0.48327464788732394,0.6241815225918237
81,35,tinynet-a,0.5264084507042254,0.47314724033926453,1.0810933998889394,1.799822991093,5.124475161234537,0.5264084507042254,0.6972469373706913
82,35,vgg16,0.5127640845070423,0.4452501587897719,1.1243647096885576,1.9366686642169952,5.946336021025975,0.5127640845070423,0.6754420607001547
83,35,vit-tiny,0.4964788732394366,0.3982873398900478,1.141522839665413,1.8338636855284374,5.276080297099219,0.4964788732394366,0.6689394015077277
84,40,convnext-tiny,0.40492957746478875,0.3221466111003423,1.2421287496884665,1.8167259991168976,5.19134298298094,0.40492957746478875,0.5170927071825134
85,40,densenet121,0.7376760563380281,0.7288402321583048,0.6038697556489043,1.8111285153362486,5.164782898293601,0.7376760563380281,0.9071213245760518
86,40,efficientnet-b0,0.47579225352112675,0.34937322297940754,1.1548282197780078,1.815921778480212,5.201256225506465,0.47579225352112675,0.6342921101482388
87,40,ghostnetv2,0.6016725352112676,0.5392557625595308,0.9611209895875718,1.839661889606052,5.302234457598792,0.6016725352112676,0.7624187355312859
88,40,mnasnet0_5,0.5162852112676056,0.4653812599787862,1.0619289808803134,1.8060128076208963,5.1502240399519605,0.5162852112676056,0.7038108068558644
89,40,mobilenetv2,0.6109154929577465,0.5850102564623947,0.9226204769478903,1.8080051590998967,5.158878551589118,0.6109154929577465,0.7996831440501767
90,40,regnety-400mf,0.6694542253521126,0.6507763015136427,0.7682601453529464,1.8263605154222913,5.244081285264757,0.6694542253521126,0.8603279684097339
91,40,resnet18,0.6654929577464789,0.6500001986056321,0.7410711356335216,1.8121808816989264,5.185852924982706,0.6654929577464789,0.8704840660068996
92,40,shufflenetv2-0.5x,0.4713908450704225,0.3562711701842285,1.1535790173543825,1.8034164127376344,5.142044752836227,0.4713908450704225,0.6301477842419649
93,40,tinynet-a,0.545774647887324,0.47850962454726775,1.0538690280583172,1.8123639971017838,5.183755341503355,0.545774647887324,0.7220382291615322
94,40,vgg16,0.5501760563380282,0.47251463251313924,1.0665441147155232,1.850112643506792,5.362744592958027,0.5501760563380282,0.7092873539397185
95,40,vit-tiny,0.5176056338028169,0.4364998885582697,1.1119382770525084,1.8414363463719687,5.294057905673981,0.5176056338028169,0.6901073790087064
96,45,convnext-tiny,0.3868838028169014,0.2909066262105765,1.2385139730241566,1.8281112727191713,5.234643969270918,0.3868838028169014,0.5201815459195558
97,45,densenet121,0.735475352112676,0.7282187887907424,0.6076908173660437,1.8051291935973697,5.136254436439938,0.735475352112676,0.9093290370602383
98,45,efficientnet-b0,0.5220070422535211,0.38502613235664845,1.1003610458638933,1.8261755373742845,5.221306817399131,0.5220070422535211,0.6750707235860208
99,45,ghostnetv2,0.6122359154929577,0.5548113753847682,0.928492213288943,1.8344062831666734,5.29270006219546,0.6122359154929577,0.783377191428755
100,45,mnasnet0_5,0.5352112676056338,0.4768898714980513,1.0547744093669786,1.8055321921904883,5.1509552498658495,0.5352112676056338,0.7191449080706747
101,45,mobilenetv2,0.6320422535211268,0.6137317176906278,0.8626841546760665,1.8100696868366666,5.182653397321701,0.6320422535211268,0.8187046625449803
102,45,regnety-400mf,0.6795774647887324,0.6698899932948021,0.7406226814621024,1.8108462409840689,5.164836641814974,0.6795774647887324,0.8702173382597285
103,45,resnet18,0.6883802816901409,0.6760247035748389,0.7159139650563399,1.814894707666503,5.167126211855146,0.6883802816901409,0.874389737924797
104,45,shufflenetv2-0.5x,0.5008802816901409,0.3778403504814115,1.128936099509398,1.8081766068935394,5.1585096352630195,0.5008802816901409,0.6551174502300927
105,45,tinynet-a,0.5607394366197183,0.5071422648142544,1.0157909053895209,1.8046508183081946,5.133879797326194,0.5607394366197183,0.7440271654809705
106,45,vgg16,0.5629401408450704,0.478808737908862,1.0055865314271715,1.9024812231461206,5.608192248476876,0.5629401408450704,0.7458579841611811
107,45,vit-tiny,0.5365316901408451,0.49510605104684235,1.0732505967219672,1.8362447155846489,5.290870252582762,0.5365316901408451,0.7192803619554572
108,50,convnext-tiny,0.3886443661971831,0.2969886734955512,1.2311984284056559,1.8189417703284159,5.203727026780446,0.3886443661971831,0.5355603448124127
109,50,densenet121,0.7460387323943662,0.743316995045978,0.5816260116795698,1.7927630527151956,5.097253620624542,0.7460387323943662,0.9166159914229237
110,50,efficientnet-b0,0.554137323943662,0.4123344461389222,1.050413051413165,1.8180157707797158,5.193485998445087,0.554137323943662,0.71273837343639
111,50,ghostnetv2,0.6294014084507042,0.5746011981503447,0.8913062140345573,1.8473100314537685,5.344161275360319,0.6294014084507042,0.7964254132815286
112,50,mnasnet0_5,0.5374119718309859,0.48300843078853833,1.027102911637889,1.810206146703826,5.161206069919798,0.5374119718309859,0.7438534345742984
113,50,mobilenetv2,0.6360035211267605,0.6178781567985147,0.8478802997204993,1.8015039331383176,5.125521659851074,0.6360035211267605,0.8236458378104421
114,50,regnety-400mf,0.6861795774647887,0.6751668329976203,0.7027654883762201,1.8168966157568827,5.195573836565018,0.6861795774647887,0.8802200642384317
115,50,resnet18,0.7011443661971831,0.692928050496933,0.6747849066224363,1.8063371810648177,5.145833280351427,0.7011443661971831,0.8894070107000991
116,50,shufflenetv2-0.5x,0.5048415492957746,0.4236955695702611,1.1099231210019853,1.806563526391983,5.146545340617498,0.5048415492957746,0.6642893587716746
117,50,tinynet-a,0.5889084507042254,0.538248089407173,0.9636537482341131,1.8103816310564675,5.160152448548211,0.5889084507042254,0.773515113132484
118,50,vgg16,0.6060739436619718,0.5514725308964287,0.9027572025855382,1.8695273929172092,5.4013872146606445,0.6060739436619718,0.7878967524259595
119,50,vit-tiny,0.5726232394366197,0.5080051665440246,1.0212689795427852,1.8315418561299641,5.266159143712786,0.5726232394366197,0.7475438363305127
120,55,convnext-tiny,0.3807218309859155,0.29379572910000795,1.2395281030072107,1.8470963819159403,5.3329844706588325,0.3807218309859155,0.5245848667145505
121,55,densenet121,0.7662852112676056,0.7629707004437387,0.5328253743549188,1.8010418001148436,5.0910198920302925,0.7662852112676056,0.9251419632844149
122,55,efficientnet-b0,0.5523767605633803,0.48604555676185296,1.0215520668360922,1.8103261705901887,5.175244013468425,0.5523767605633803,0.7285937338975442
123,55,ghostnetv2,0.6338028169014085,0.5751267767966266,0.87658122761382,1.8557794789473214,5.369454764657551,0.6338028169014085,0.806594727951563
124,55,mnasnet0_5,0.5580985915492958,0.5116381965271478,1.0156477789084117,1.806149133377605,5.1565756930245294,0.5580985915492958,0.7464083020566082
125,55,mobilenetv2,0.65625,0.6492844385028722,0.7971576684051089,1.8059235595994525,5.151136385069953,0.65625,0.8499813806016785
126,55,regnety-400mf,0.6993838028169015,0.6863612514389094,0.6733859669831064,1.82372843225797,5.2305671407116785,0.6993838028169015,0.8902631852279694
127,55,resnet18,0.7235915492957746,0.7153653950854538,0.6310989529722267,1.8131292048427794,5.17756023671892,0.7235915492957746,0.9028928675491823
128,55,shufflenetv2-0.5x,0.5162852112676056,0.3840460181635188,1.096741227640046,1.8062459362877739,5.141664769914415,0.5162852112676056,0.6840671764047331
129,55,tinynet-a,0.5950704225352113,0.5422708352067501,0.9385344063242276,1.8074528988864687,5.158634059958988,0.5950704225352113,0.7943357747885791
130,55,vgg16,0.6338028169014085,0.5661940581227003,0.8482014611363411,1.8443990896145503,5.32768197523223,0.6338028169014085,0.807196809647854
131,55,vit-tiny,0.5805457746478873,0.5300627082467362,0.9773105589879884,1.8339463141229415,5.279489841726091,0.5805457746478873,0.7735009246807217
132,60,convnext-tiny,0.39392605633802813,0.3380260504752793,1.2325728022389941,1.822034685148133,5.2202776041295795,0.39392605633802813,0.5303349561586508
133,60,densenet121,0.772887323943662,0.7695932490554213,0.5113434563908312,1.7915781835714977,5.0715052915943994,0.772887323943662,0.931145361427169
134,60,efficientnet-b0,0.5721830985915493,0.5218813478018494,0.9901233630047904,1.8233447555038664,5.217619687318802,0.5721830985915493,0.7495973925888261
135,60,ghostnetv2,0.6474471830985915,0.5937440627954449,0.8221798961361249,1.8245167434215546,5.2371728089120655,0.6474471830985915,0.828884515338451
136,60,mnasnet0_5,0.5730633802816901,0.5514918834275095,0.9659592707951864,1.8060519678725138,5.141820261875788,0.5730633802816901,0.7718235182742279
137,60,mobilenetv2,0.6659330985915493,0.643807822387673,0.7620184206300311,1.820590178171794,5.225184589624405,0.6659330985915493,0.8551390530152551
138,60,regnety-400mf,0.715669014084507,0.7022600533164034,0.6330744293000963,1.8104137943850622,5.17807478706042,0.715669014084507,0.8974572010497085
139,60,resnet18,0.7279929577464789,0.7202815111308957,0.6257586056987444,1.8091386556625366,5.175170259343253,0.7279929577464789,0.9004407686083168
140,60,shufflenetv2-0.5x,0.5250880281690141,0.4118563206464011,1.0814947543872728,1.8040716267294354,5.133373690976037,0.5250880281690141,0.6893633666676935
141,60,tinynet-a,0.6175176056338028,0.5812687088566505,0.8991399862700038,1.810237369603581,5.168036881420347,0.6175176056338028,0.811659489078656
142,60,vgg16,0.6289612676056338,0.5987717166129035,0.8552370228701167,1.8433859662877188,5.29498604271147,0.6289612676056338,0.8075048102167092
143,60,vit-tiny,0.6439260563380281,0.5935286334946311,0.8677744799190097,1.836092440618409,5.281406978766124,0.6439260563380281,0.817168064434119
144,65,convnext-tiny,0.3987676056338028,0.3601618071380196,1.2230246282286115,1.8321366674370236,5.238642000489765,0.3987676056338028,0.5482810089127451
145,65,densenet121,0.804137323943662,0.8022910392921434,0.4564519594940874,1.796726821197404,5.099247296651205,0.804137323943662,0.9395246680963059
146,65,efficientnet-b0,0.6016725352112676,0.5443615704583612,0.9307575300335884,1.8211007532146244,5.219922549194759,0.6016725352112676,0.783236506127317
147,65,ghostnetv2,0.6575704225352113,0.6274791328949512,0.7947807469301753,1.832326329416699,5.2967193656497535,0.6575704225352113,0.8372365631432127
148,65,mnasnet0_5,0.5875880281690141,0.5657237320290067,0.9602523636486795,1.8066493935055203,5.156468957662582,0.5875880281690141,0.7806918493047273
149,65,mobilenetv2,0.6879401408450705,0.6673266576839472,0.7408394461704625,1.8048062755001915,5.14732958873113,0.6879401408450705,0.863132984612911
150,65,regnety-400mf,0.730193661971831,0.7224550088641934,0.6126328623957105,1.8216217027770147,5.214824193053776,0.730193661971831,0.9054434276429412
151,65,resnet18,0.7526408450704225,0.7481562682746998,0.5714430258505874,1.8125957813527849,5.170566542281045,0.7526408450704225,0.9166095417992635
152,65,shufflenetv2-0.5x,0.5294894366197183,0.4834184260974362,1.0884367542134392,1.807402241561148,5.179776897033055,0.5294894366197183,0.6848142434162238
153,65,tinynet-a,0.636443661971831,0.62874864131506,0.848706003692415,1.8056970685720444,5.145455443196827,0.636443661971831,0.8325151992552482
154,65,vgg16,0.6588908450704225,0.6151927913429586,0.7871122509241104,1.8696215798457463,5.451443821191788,0.6588908450704225,0.8320744377732785
155,65,vit-tiny,0.6527288732394366,0.6027352117768701,0.828850533399317,1.834250893857744,5.284609993298848,0.6527288732394366,0.8328390157290105
156,70,convnext-tiny,0.3970070422535211,0.3362424843267189,1.2142385045687358,1.8162725137339697,5.1787636246946125,0.3970070422535211,0.5700909029816342
157,70,densenet121,0.789612676056338,0.7874113345322504,0.4650269051392873,1.7918373495340347,5.0867595507038965,0.789612676056338,0.9398347616507401
158,70,efficientnet-b0,0.6139964788732395,0.5602068236086444,0.8970991497238477,1.8161453935835097,5.2158057822121515,0.6139964788732395,0.8017761475157958
159,70,ghostnetv2,0.6690140845070423,0.6206370762970186,0.7561174775991175,1.8361430135038166,5.304632676972283,0.6690140845070423,0.8531612006473033
160,70,mnasnet0_5,0.5994718309859155,0.5883422204007304,0.929240408870909,1.8098752250274022,5.176961309380001,0.5994718309859155,0.7925071741883365
161,70,mobilenetv2,0.6897007042253521,0.6798838575470634,0.7087507024407387,1.81165351304743,5.154345949490866,0.6897007042253521,0.8734546606865241
162,70,regnety-400mf,0.7389964788732395,0.7290775303423233,0.600897023247348,1.816885973016421,5.203850299119949,0.7389964788732395,0.9056050917289272
163,70,resnet18,0.7535211267605634,0.7495028879328633,0.5443759734431903,1.8064420405361388,5.140200171205732,0.7535211267605634,0.9215988350267251
164,70,shufflenetv2-0.5x,0.5294894366197183,0.4330568648073219,1.0743723313013713,1.803825694653723,5.135696480671565,0.5294894366197183,0.6972040003891348
165,70,tinynet-a,0.6544894366197183,0.6352018846663634,0.8028814146916072,1.8091991775565677,5.167947805590099,0.6544894366197183,0.8430012381610867
166,70,vgg16,0.6566901408450705,0.6156777303643739,0.7726131528615952,1.8412028617329068,5.273010475767983,0.6566901408450705,0.8359038786867983
167,70,vit-tiny,0.6919014084507042,0.6625158242061886,0.7523413267400529,1.837943188018269,5.295445607768165,0.6919014084507042,0.8578498128190275
168,75,convnext-tiny,0.4181338028169014,0.3837799305290081,1.1915918472740386,1.8278534528281953,5.253777040375604,0.4181338028169014,0.6008601809482098
169,75,densenet121,0.7869718309859155,0.7836674860588938,0.47225430276658803,1.7943010959360333,5.0847440759340925,0.7869718309859155,0.9379711115370732
170,75,efficientnet-b0,0.6276408450704225,0.575020616224709,0.8541149455640051,1.7998636133140988,5.114135649469164,0.6276408450704225,0.8206559895510388
171,75,ghostnetv2,0.6663732394366197,0.6399625678842005,0.7697100784215662,1.8356817497147455,5.304253912634319,0.6663732394366197,0.8484411313306615
172,75,mnasnet0_5,0.6210387323943662,0.6108064609107304,0.8912178128957748,1.8040623019138973,5.143778582413991,0.6210387323943662,0.810984406164919
173,75,mobilenetv2,0.7077464788732395,0.6986276018555717,0.685726893444856,1.7996819747818842,5.132318443722195,0.7077464788732395,0.8818622683081446
174,75,regnety-400mf,0.7522007042253521,0.7438344443612379,0.5733090672228072,1.8094491412242255,5.173790203200446,0.7522007042253521,0.9180439099846027
175,75,resnet18,0.7504401408450705,0.7458614466297068,0.5648659223483669,1.8103796127769682,5.166839530070623,0.7504401408450705,0.9175106319680593
176,75,shufflenetv2-0.5x,0.539612676056338,0.46324080641712395,1.0486925062206056,1.8086737973822489,5.1660177409648895,0.539612676056338,0.718552277158352
177,75,tinynet-a,0.6698943661971831,0.6404246933619757,0.7726383821831809,1.8070069832934275,5.151687880357106,0.6698943661971831,0.857274714621912
178,75,vgg16,0.667693661971831,0.6303736917896487,0.745201599266794,1.816901006632381,5.232209957308239,0.667693661971831,0.8557197838257093
179,75,vit-tiny,0.682218309859155,0.6662826112810948,0.7707967679533694,1.8340593129396439,5.272704535060459,0.682218309859155,0.8504516775119104
180,80,convnext-tiny,0.47403169014084506,0.444045837044129,1.1396618783473969,1.825888098941909,5.225393911202748,0.47403169014084506,0.6631898811580192
181,80,densenet121,0.8067781690140845,0.8041313255331848,0.43666300943328273,1.7925229834185707,5.0825879904958935,0.8067781690140845,0.9441101214547047
182,80,efficientnet-b0,0.650968309859155,0.6287248145282454,0.8146521680884891,1.8071397592624028,5.149572528070873,0.650968309859155,0.838163425437769
183,80,ghostnetv2,0.6870598591549295,0.6650893192211476,0.7408040223850144,1.8322785910632875,5.283274478382534,0.6870598591549295,0.8598707059231394
184,80,mnasnet0_5,0.618838028169014,0.6184544841639776,0.8791352113087971,1.809387321273486,5.15395540661282,0.618838028169014,0.8198767000933952
185,80,mobilenetv2,0.7121478873239436,0.6986908319013159,0.6643003370198939,1.8091916143894196,5.17027908232477,0.7121478873239436,0.8867986349003012
186,80,regnety-400mf,0.7548415492957746,0.7470276443844505,0.5516857943601079,1.8146279288662803,5.192760954300563,0.7548415492957746,0.920298141382607
187,80,resnet18,0.7689260563380281,0.7647042183825281,0.5206495146784518,1.8018335534466638,5.1395042008823815,0.7689260563380281,0.925835799777502
188,80,shufflenetv2-0.5x,0.5387323943661972,0.46559339338419453,1.043873900340663,1.8102727499273088,5.16177922156122,0.5387323943661972,0.7191723367383667
189,80,tinynet-a,0.6835387323943662,0.6729815981001752,0.7411013407011826,1.8022667119900384,5.1177975866529675,0.6835387323943662,0.8685428051319701
190,80,vgg16,0.713468309859155,0.697688216730713,0.615477629005909,1.8233279718293085,5.2123662498262195,0.713468309859155,0.8888494455830591
191,80,vit-tiny,0.7108274647887324,0.7035409455228596,0.6903058120773898,1.8374276359875996,5.286834951904085,0.7108274647887324,0.8767082819935514
192,85,convnext-tiny,0.4973591549295775,0.44096587499892737,1.112301875319746,1.8233416610293918,5.25214460823271,0.4973591549295775,0.6883953762469648
193,85,densenet121,0.7940140845070423,0.7898300113577158,0.4509457283549838,1.7943959534168243,5.101400683323542,0.7940140845070423,0.9427866098897371
194,85,efficientnet-b0,0.6584507042253521,0.6401466226487397,0.788006368610594,1.8069236444102392,5.149779592951139,0.6584507042253521,0.8456347751523554
195,85,ghostnetv2,0.6888204225352113,0.6736991346113397,0.6937458643482791,1.835952459110154,5.276374134752485,0.6888204225352113,0.8745169767987491
196,85,mnasnet0_5,0.6153169014084507,0.5911088538215601,0.8607705583175024,1.8088735491037369,5.1456551320023,0.6153169014084507,0.8219429887152953
197,85,mobilenetv2,0.7328345070422535,0.7234996854333686,0.6232959979938136,1.8028055876493454,5.114484078354306,0.7328345070422535,0.8989853304378065
198,85,regnety-400mf,0.7367957746478873,0.72913032051901,0.5714079187148147,1.816893544461992,5.169115440713035,0.7367957746478873,0.91573152548553
199,85,resnet18,0.7491197183098591,0.7452030611774877,0.5499023422598839,1.8061972343259387,5.147925711340374,0.7491197183098591,0.9219785176037147
200,85,shufflenetv2-0.5x,0.5475352112676056,0.45568451681849464,1.0368586389554872,1.8042840775516298,5.141055774357584,0.5475352112676056,0.7273080350343389
201,85,tinynet-a,0.692781690140845,0.6800566501297617,0.7099404711690214,1.7972431340151365,5.10100758406851,0.692781690140845,0.8771498753454605
202,85,vgg16,0.727112676056338,0.7115196976087034,0.6078057438135147,1.8203652881913714,5.214828984604941,0.727112676056338,0.8913353597858553
203,85,vit-tiny,0.7473591549295775,0.7616909692842959,0.599424904005395,1.8404342134793599,5.3175635106033745,0.7473591549295775,0.9036691511879742
204,90,convnext-tiny,0.4942781690140845,0.420950014788544,1.0933928845657244,1.8289167020055983,5.243032024966346,0.4942781690140845,0.7004861747904028
205,90,densenet121,0.8199823943661972,0.8200953314400519,0.3992143834216727,1.78789042101966,5.07436661918958,0.8199823943661972,0.9516949625049572
206,90,efficientnet-b0,0.6703345070422535,0.6515796310146447,0.7601338525613148,1.8151759256919224,5.186361614200804,0.6703345070422535,0.8575624322804815
207,90,ghostnetv2,0.707306338028169,0.6920684700374041,0.6740495512882869,1.832137640979555,5.273149030076133,0.707306338028169,0.882058565788823
208,90,mnasnet0_5,0.6461267605633803,0.6268356929107642,0.8261549456251992,1.809987958934572,5.163221478462219,0.6461267605633803,0.8360645990900104
209,90,mobilenetv2,0.7205105633802817,0.7129138057779963,0.6206177559991678,1.80490161312951,5.155929211113188,0.7205105633802817,0.9000945413687819
210,90,regnety-400mf,0.7676056338028169,0.7651335320029088,0.5398956475158533,1.8060666372378669,5.152614990870158,0.7676056338028169,0.9257901446940116
211,90,resnet18,0.7557218309859155,0.7530653929927116,0.5551753958894147,1.8089379668235779,5.154190080033408,0.7557218309859155,0.9205268732045021
212,90,shufflenetv2-0.5x,0.5563380281690141,0.4845674359170337,1.0182075541880395,1.8051124546262953,5.144175248013602,0.5563380281690141,0.7377017684028576
213,90,tinynet-a,0.7046654929577465,0.6963060544303196,0.670029738297065,1.8015071120527055,5.128532134824329,0.7046654929577465,0.8916917771775412
214,90,vgg16,0.758362676056338,0.7530753032816032,0.5208720068136852,1.8288705961571798,5.251206851667828,0.758362676056338,0.9132573599798184
215,90,vit-tiny,0.7196302816901409,0.7309364779008962,0.6715821851458814,1.8341061572233834,5.27817177772522,0.7196302816901409,0.887696178034211
216,95,convnext-tiny,0.5136443661971831,0.4423213727811853,1.0808005101150937,1.8294808136092293,5.239040556881163,0.5136443661971831,0.7102957771051555
217,95,densenet121,0.8014964788732395,0.7991998385393175,0.46973353748520214,1.7924289173550076,5.091332783301671,0.8014964788732395,0.9365369221436826
218,95,efficientnet-b0,0.702024647887324,0.6886082706495779,0.6938857957720757,1.813725471496582,5.184345559941398,0.702024647887324,0.8798580650128691
219,95,ghostnetv2,0.7099471830985915,0.6971115469176022,0.667567970438136,1.8250835306114621,5.2379297150505915,0.7099471830985915,0.8827341911084761
220,95,mnasnet0_5,0.6597711267605634,0.6476558070001543,0.7883345244659318,1.8048007388909657,5.147234592172834,0.6597711267605634,0.8491683841201572
221,95,mobilenetv2,0.7275528169014085,0.718806396240083,0.6009650685720973,1.800603888101048,5.137525873051749,0.7275528169014085,0.9056981909233867
222,95,regnety-400mf,0.7689260563380281,0.7649641648754133,0.5137507393956184,1.8049021164576213,5.155806491772334,0.7689260563380281,0.9289573181151047
223,95,resnet18,0.7874119718309859,0.7829420434411912,0.46721840939588016,1.8046704232692719,5.142218192418416,0.7874119718309859,0.9372629041356506
224,95,shufflenetv2-0.5x,0.5585387323943662,0.5286443522509265,0.9844076616896524,1.8041469901800156,5.134832736518648,0.5585387323943662,0.7599171717610753
225,95,tinynet-a,0.7288732394366197,0.7203621205731183,0.6313751878009902,1.8015691753890781,5.108214259147644,0.7288732394366197,0.9005876809291018
226,95,vgg16,0.7544014084507042,0.7567027949931937,0.5435766921275191,1.8167551871803072,5.2056024935510425,0.7544014084507042,0.9118742528600716
227,95,vit-tiny,0.7610035211267605,0.7668306098607407,0.555775790164868,1.834064899219407,5.287904587056902,0.7610035211267605,0.9182692839103779
228,100,convnext-tiny,0.5079225352112676,0.4460035821196063,1.077943498889605,1.8497158967786365,5.379548678795496,0.5079225352112676,0.7103685186942216
229,100,densenet121,0.8160211267605634,0.8143085913535955,0.4021732407725519,1.7965527888801365,5.1022350788116455,0.8160211267605634,0.9508873956304522
230,100,efficientnet-b0,0.6971830985915493,0.6814275384884514,0.6785271213286453,1.8002483381165397,5.130093650685416,0.6971830985915493,0.8852714356545803
231,100,ghostnetv2,0.7130281690140845,0.6919461230899744,0.653380309128099,1.8404869354433484,5.326673090457916,0.7130281690140845,0.8871394218786253
232,100,mnasnet0_5,0.6399647887323944,0.6255401951963384,0.7833608422014449,1.805309686395857,5.127124292982949,0.6399647887323944,0.8542843044579578
233,100,mobilenetv2,0.7407570422535211,0.7334688395723077,0.569421442432536,1.7981104519632127,5.114877310064104,0.7407570422535211,0.9154635870382919
234,100,regnety-400mf,0.7786091549295775,0.7727430430449557,0.4844808009349637,1.8056642429696188,5.1430780622694225,0.7786091549295775,0.934267160992827
235,100,resnet18,0.7852112676056338,0.7837088714301137,0.4956709788077407,1.8045904172791376,5.1324569251802235,0.7852112676056338,0.9309425012362819
236,100,shufflenetv2-0.5x,0.570862676056338,0.5381328108948592,0.9855646772517099,1.813803278737598,5.1837179362773895,0.570862676056338,0.7614213721251358
237,100,tinynet-a,0.7315140845070423,0.7250285605875222,0.6236074405411879,1.7983224772744708,5.1036038431856365,0.7315140845070423,0.9051589568740197
238,100,vgg16,0.7794894366197183,0.7809106873410484,0.4859309573140409,1.8472794112231996,5.33979195356369,0.7794894366197183,0.9254965198485248
239,100,vit-tiny,0.7548415492957746,0.7545205162784263,0.5793188764817185,1.8388998276657527,5.3024554583761425,0.7548415492957746,0.9118906780271911
240,105,convnext-tiny,0.5242077464788732,0.44896665183471823,1.0391078930762079,1.8385323998000886,5.29199465447002,0.5242077464788732,0.7289804349737252
241,105,densenet121,0.8147007042253521,0.812851341189111,0.39829490292403436,1.785927994383706,5.037980149189631,0.8147007042253521,0.9515457325680898
242,105,efficientnet-b0,0.7046654929577465,0.6947232992568857,0.6841407207151254,1.8037590434153874,5.146800024641885,0.7046654929577465,0.8822186366097212
243,105,ghostnetv2,0.71875,0.7076643640633694,0.6240879280699624,1.8257669160763423,5.236832569042842,0.71875,0.8965144754119193
244,105,mnasnet0_5,0.6857394366197183,0.6747058119811317,0.7515762572487196,1.8067077928119235,5.168767654233509,0.6857394366197183,0.8660808541797922
245,105,mobilenetv2,0.7486795774647887,0.7376011258283923,0.575675847629706,1.7957428826226127,5.0917513900332985,0.7486795774647887,0.9108060051762692
246,105,regnety-400mf,0.7834507042253521,0.778775669620223,0.5049052312970161,1.8011318196853003,5.125469108422598,0.7834507042253521,0.9314147014622909
247,105,resnet18,0.7878521126760563,0.7873434619621351,0.45133962233861286,1.8054213159614139,5.159125718805525,0.7878521126760563,0.9416725219599407
248,105,shufflenetv2-0.5x,0.577024647887324,0.5561811505514872,0.9689582304822074,1.8116191542810864,5.1782898373074,0.577024647887324,0.7684541340210951
249,105,tinynet-a,0.7420774647887324,0.736766559985292,0.605176981124613,1.798058572742674,5.128123290008968,0.7420774647887324,0.9078617304277978
250,105,vgg16,0.7588028169014085,0.7540294580322159,0.5261089118818442,1.809931246770753,5.174954834911558,0.7588028169014085,0.9159773415036079
251,105,vit-tiny,0.7799295774647887,0.7797021508741045,0.48476076043314403,1.8403886887762284,5.31514815820588,0.7799295774647887,0.9349362067064433
252,110,convnext-tiny,0.5321302816901409,0.4403316926432851,1.0216331523325708,1.8269264234436884,5.2329201102256775,0.5321302816901409,0.7428192412454482
253,110,densenet121,0.8133802816901409,0.8132664584743512,0.41634734388854766,1.7820334119929209,5.06200815902816,0.8133802816901409,0.9498486909162651
254,110,efficientnet-b0,0.7183098591549295,0.7174494712599814,0.6355261471536424,1.8025278349717457,5.11974850959248,0.7183098591549295,0.8972562537869291
255,110,ghostnetv2,0.7411971830985915,0.7315562174581882,0.5943533976872762,1.8347804132435057,5.291626820961635,0.7411971830985915,0.9054297779685889
256,110,mnasnet0_5,0.6698943661971831,0.6569099124960813,0.7564994932876693,1.806996054119534,5.142192764414681,0.6698943661971831,0.861664068879425
257,110,mobilenetv2,0.7667253521126761,0.7588254055210494,0.535143086893691,1.8011119183566835,5.1155284775627985,0.7667253521126761,0.9215669619194378
258,110,regnety-400mf,0.7834507042253521,0.7802983187194866,0.4764667331344552,1.8116001453664567,5.194302846988042,0.7834507042253521,0.9374778096747931
259,110,resnet18,0.792693661971831,0.7893437466847087,0.48012172617018223,1.8003272496991687,5.1364850997924805,0.792693661971831,0.9380443122373234
260,110,shufflenetv2-0.5x,0.5801056338028169,0.555573267581254,0.9547696163256962,1.8077325705024931,5.1474290788173676,0.5801056338028169,0.7800223297098959
261,110,tinynet-a,0.7486795774647887,0.7441490311687495,0.5677153848939471,1.7983547581566703,5.128943913512759,0.7486795774647887,0.9181781935796097
262,110,vgg16,0.7904929577464789,0.7908123339065876,0.45816953438851565,1.8056753310892315,5.149170733160442,0.7904929577464789,0.9335106061917122
263,110,vit-tiny,0.7816901408450704,0.7832183401765028,0.49585115826792187,1.830638137128618,5.25427574912707,0.7816901408450704,0.9317538282987785
264,115,convnext-tiny,0.5418133802816901,0.4896592213482127,1.0054072017470996,1.8208946006165612,5.202733533249961,0.5418133802816901,0.7527765094383807
265,115,densenet121,0.8169014084507042,0.8151051401986572,0.3828976951125595,1.7747481730249193,5.012837254338795,0.8169014084507042,0.9531019698347964
266,115,efficientnet-b0,0.7394366197183099,0.7318929647938659,0.6002708888716168,1.7972478667894998,5.122254371643066,0.7394366197183099,0.9067008431773709
267,115,ghostnetv2,0.7389964788732395,0.7300465393238562,0.5955500391622385,1.8191662861241233,5.19834276371532,0.7389964788732395,0.9038384183880391
268,115,mnasnet0_5,0.6923415492957746,0.6875068668270539,0.7154829671813382,1.7997830775048997,5.122439314921697,0.6923415492957746,0.8768590900678773
269,115,mobilenetv2,0.7649647887323944,0.7606076485813846,0.5473598684701655,1.791096160809199,5.093504822916455,0.7649647887323944,0.919941158971925
270,115,regnety-400mf,0.7966549295774648,0.7933011672410963,0.4613369964063167,1.7997304052114487,5.159784790542391,0.7966549295774648,0.9394666503450553
271,115,resnet18,0.8050176056338028,0.8035698342481395,0.4440843955510192,1.7929432971609964,5.086423486471176,0.8050176056338028,0.9452302408973252
272,115,shufflenetv2-0.5x,0.5915492957746479,0.5866582209862516,0.9279231776793799,1.807356263200442,5.127352479431364,0.5915492957746479,0.7916517629945925
273,115,tinynet-a,0.7610035211267605,0.7576880793552949,0.5347324675983853,1.7907234364085727,5.088705552948846,0.7610035211267605,0.924730446621059
274,115,vgg16,0.8001760563380281,0.7971086526121502,0.4259126070472929,1.8492892897791333,5.338454514741898,0.8001760563380281,0.941307026733869
275,115,vit-tiny,0.7904929577464789,0.7891864408440372,0.4993096006413301,1.8363351143068736,5.29902422759268,0.7904929577464789,0.9330493146971091
276,120,convnext-tiny,0.5625,0.5033951564082211,0.985903202659554,1.8209040181504355,5.221189359823863,0.5625,0.7582352430269481
277,120,densenet121,0.8120598591549296,0.8085606740164056,0.40450454275641173,1.7885943121380277,5.074406537744734,0.8120598591549296,0.9497594103241763
278,120,efficientnet-b0,0.7381161971830985,0.7326629575985183,0.5961120646033022,1.7924291375610564,5.0897793869177494,0.7381161971830985,0.9077059791702483
279,120,ghostnetv2,0.7407570422535211,0.7311310555817446,0.601494668258561,1.8304922067456775,5.28986398379008,0.7407570422535211,0.9030346449754562
280,120,mnasnet0_5,0.6870598591549296,0.6819771024676251,0.7145177490181394,1.801308360364702,5.131859756178326,0.6870598591549296,0.8765277043198989
281,120,mobilenetv2,0.7649647887323944,0.759943969742909,0.5243825014266703,1.8039149824115965,5.1225357419914666,0.7649647887323944,0.9262477990043049
282,120,regnety-400mf,0.8028169014084507,0.8020256050242638,0.4272145513031218,1.7931927608119116,5.132196631696489,0.8028169014084507,0.9476789763275373
283,120,resnet18,0.7931338028169014,0.7899004997572259,0.4607553871141539,1.7988411006000307,5.105478641059664,0.7931338028169014,0.9390464158894992
284,120,shufflenetv2-0.5x,0.5928697183098591,0.5772868514772884,0.9285428623358407,1.8043843077288733,5.137052774429321,0.5928697183098591,0.7932974075517693
285,120,tinynet-a,0.7706866197183099,0.764596132878697,0.5191139806475904,1.8001872681909137,5.113081379069222,0.7706866197183099,0.9310376341224418
286,120,vgg16,0.795774647887324,0.7959812364647569,0.46565186563465333,1.8267382317119174,5.257212642166349,0.795774647887324,0.9355735623514452
287,120,vit-tiny,0.7944542253521127,0.7948448496701246,0.47100110041598475,1.8371431049373412,5.282523151901033,0.7944542253521127,0.9359043846929275
288,125,convnext-tiny,0.5638204225352113,0.5419169651108372,0.9780738660030895,1.8119469583034515,5.176572571198146,0.5638204225352113,0.7649136675748345
289,125,densenet121,0.8279049295774648,0.8261898893373916,0.3723639046980275,1.790369591779179,5.070298661788305,0.8279049295774648,0.9559658493302732
290,125,efficientnet-b0,0.741637323943662,0.7363385229312872,0.5795947478877174,1.804882663819525,5.14963553349177,0.741637323943662,0.913594703590535
291,125,ghostnetv2,0.7473591549295775,0.7392165148798042,0.5602099903755717,1.8362016744083827,5.272347562842899,0.7473591549295775,0.9139309752197409
292,125,mnasnet0_5,0.7130281690140845,0.7086759013843414,0.6777897050811185,1.7987988425625694,5.121266189548704,0.7130281690140845,0.8864356560674128
293,125,mobilenetv2,0.7632042253521127,0.7605722952840109,0.5325409285724163,1.7954120669100018,5.0870901842912035,0.7632042253521127,0.9231349071597745
294,125,regnety-400mf,0.823943661971831,0.8217014869556521,0.3928690453370412,1.8031094438499875,5.155864626169205,0.823943661971831,0.9515015817613638
295,125,resnet18,0.7997359154929577,0.8001480493501197,0.41943373055093813,1.7937537928422294,5.095309519105488,0.7997359154929577,0.9469104296967034
296,125,shufflenetv2-0.5x,0.6069542253521126,0.5855610489821027,0.9088334283894963,1.8019535955455568,5.130635033051173,0.6069542253521126,0.7989845752546494
297,125,tinynet-a,0.7750880281690141,0.7725235688492793,0.5009341529674001,1.8019095344675913,5.118588431013955,0.7750880281690141,0.9305776974070286
298,125,vgg16,0.7874119718309859,0.7870199658315598,0.44839251993430984,1.8034551971488528,5.144498318433762,0.7874119718309859,0.9381242609092236
299,125,vit-tiny,0.8006161971830986,0.7994416385509491,0.43160884661806953,1.8382703877157636,5.306003908316295,0.8006161971830986,0.9448739236877252
300,130,convnext-tiny,0.5695422535211268,0.5414030954530612,0.9488503601815965,1.8453958961698744,5.343523376517826,0.5695422535211268,0.7748979374371221
301,130,densenet121,0.818661971830986,0.8183684290703468,0.39887371576494635,1.7757243315378826,5.024198045333227,0.818661971830986,0.9526008687539822
302,130,efficientnet-b0,0.7535211267605634,0.7470118064113477,0.56195269483659,1.7964772995975282,5.1137959394190045,0.7535211267605634,0.9168692068542071
303,130,ghostnetv2,0.766725352112676,0.761547941066234,0.5222522752980391,1.8188085506359737,5.2264656623204555,0.766725352112676,0.9242296011243145
304,130,mnasnet0_5,0.7086267605633803,0.6983911551244333,0.6661713731785615,1.7997001591655941,5.115747998158137,0.7086267605633803,0.886978142616746
305,130,mobilenetv2,0.7768485915492958,0.7699614335244717,0.5020322654810216,1.787572165330251,5.065319256650077,0.7768485915492958,0.930473914838472
306,130,regnety-400mf,0.8120598591549296,0.8085157062678545,0.4119727141741249,1.7983172767692142,5.135077860620287,0.8120598591549296,0.9482539236197692
307,130,resnet18,0.8058978873239436,0.8053521901985087,0.4232482709404495,1.8048717512024774,5.12148435248269,0.8058978873239436,0.9456423296636999
308,130,shufflenetv2-0.5x,0.6109154929577465,0.5845704887340173,0.8826283208198018,1.8069149388207328,5.151888499657313,0.6109154929577465,0.814975803920021
309,130,tinynet-a,0.7772887323943662,0.7728353413749114,0.5047055565648608,1.790817674663332,5.080410308308071,0.7772887323943662,0.9308836967511912
310,130,vgg16,0.8199823943661971,0.8191520743884066,0.3658230031530062,1.826563881503211,5.214962542057037,0.8199823943661971,0.9533983616905919
311,130,vit-tiny,0.8028169014084507,0.8024994746977361,0.44013931291798747,1.8326430933343039,5.277346349424786,0.8028169014084507,0.9408154028524566
312,135,convnext-tiny,0.579225352112676,0.5502216738408796,0.9341554509268867,1.8137191368473902,5.201787153879801,0.579225352112676,0.7811096512183976
313,135,densenet121,0.8331866197183099,0.8324446299597711,0.3655210220151477,1.78197453253799,5.034797645277448,0.8331866197183099,0.9576329117074847
314,135,efficientnet-b0,0.756161971830986,0.7500540235432956,0.5454292847878404,1.7999368458986282,5.117274029387368,0.756161971830986,0.9201073080188953
315,135,ghostnetv2,0.766725352112676,0.7641739800446772,0.5138332690629694,1.8074845754437976,5.173109879096349,0.766725352112676,0.925046430785642
316,135,mnasnet0_5,0.713468309859155,0.7036143584552497,0.6484142479797205,1.8079413887527254,5.165489027897517,0.713468309859155,0.8955997035216272
317,135,mobilenetv2,0.7772887323943662,0.7724668807382853,0.4995182549787892,1.7875654846429825,5.058141794469622,0.7772887323943662,0.9284485074334068
318,135,regnety-400mf,0.8032570422535211,0.7994410057722512,0.42049576238625574,1.7979110661480162,5.103135880496767,0.8032570422535211,0.9486204727431199
319,135,resnet18,0.8076584507042254,0.8081679537840342,0.41249700118270183,1.802603958381547,5.117759154902564,0.8076584507042254,0.9491429536168703
320,135,shufflenetv2-0.5x,0.6144366197183099,0.5961024821637702,0.8926433043347464,1.8034389267365136,5.1254632870356245,0.6144366197183099,0.8075224284317966
321,135,tinynet-a,0.7777288732394366,0.7735753302441392,0.5007574245747592,1.7833152115345001,5.041123886903128,0.7777288732394366,0.9301860605380357
322,135,vgg16,0.789612676056338,0.7809923924083891,0.44526936569147635,1.8251708845297496,5.2185274925496845,0.789612676056338,0.9413637260137122
323,135,vit-tiny,0.8006161971830986,0.7992439444009971,0.4378331996914413,1.8356827182902231,5.285045461522208,0.8006161971830986,0.9441348712939561
324,140,convnext-tiny,0.6003521126760564,0.5957982709356675,0.9001692442430391,1.8173314051495657,5.188772817452748,0.6003521126760564,0.7982870016232229
325,140,densenet121,0.8173415492957747,0.8208032699942948,0.41198783802489436,1.7895403603712718,5.070602969990836,0.8173415492957747,0.9529937813968117
326,140,efficientnet-b0,0.766725352112676,0.7620018666013482,0.5365463780860106,1.7951758139663272,5.111159960428873,0.766725352112676,0.9232763704778892
327,140,ghostnetv2,0.7808098591549296,0.7762080227589802,0.5167492897146279,1.822808505760299,5.233298470576604,0.7808098591549296,0.924217844966331
328,140,mnasnet0_5,0.7081866197183099,0.6982152370474402,0.6573437435759438,1.7974746939208772,5.113650725947486,0.7081866197183099,0.89415678315626
329,140,mobilenetv2,0.7825704225352113,0.7812058477091612,0.4966276908914248,1.7896024949020808,5.086789157655504,0.7825704225352113,0.932801850125604
330,140,regnety-400mf,0.823943661971831,0.8220078968180975,0.40016634327669937,1.7929432574245665,5.098198082711962,0.823943661971831,0.9513265294803055
331,140,resnet18,0.8036971830985915,0.8020520720442461,0.4276003616137637,1.8010970536205504,5.110008789433373,0.8036971830985915,0.9483556544279248
332,140,shufflenetv2-0.5x,0.6113556338028169,0.5899387643253384,0.8769330804546674,1.799368989136484,5.121076143450207,0.6113556338028169,0.817179864673494
333,140,tinynet-a,0.7953345070422535,0.7914038908469426,0.4573168539338641,1.794348355796602,5.065691709518433,0.7953345070422535,0.9398638568568702
334,140,vgg16,0.7720070422535211,0.7667725614379421,0.5064848131603665,1.8096976213985019,5.169213513533275,0.7720070422535211,0.9308962424114143
335,140,vit-tiny,0.7922535211267605,0.7947197329787214,0.4592934710284074,1.8375368118286133,5.304503420988718,0.7922535211267605,0.9390632798980246
336,145,convnext-tiny,0.6069542253521127,0.6012282177828502,0.8685540474123425,1.820596531033516,5.223144859075546,0.6069542253521127,0.8094322778263544
337,145,densenet121,0.8336267605633803,0.8334145980069396,0.35237980985807044,1.7868875794940524,5.077283210224576,0.8336267605633803,0.9611325244519452
338,145,efficientnet-b0,0.7522007042253521,0.7465971308506864,0.5338708812163936,1.7847838087214363,5.082808484633763,0.7522007042253521,0.9242494930879298
339,145,ghostnetv2,0.7816901408450704,0.7802521266299487,0.4950762908491823,1.8148211770587497,5.199138141340679,0.7816901408450704,0.9277085664410056
340,145,mnasnet0_5,0.733274647887324,0.7253117792386206,0.6252200487587187,1.8078034967184067,5.155639340480168,0.733274647887324,0.9012565897718193
341,145,mobilenetv2,0.7874119718309859,0.7803463350079491,0.4632609941893153,1.7942441321081586,5.088242799043655,0.7874119718309859,0.9385980712752201
342,145,regnety-400mf,0.8019366197183098,0.7992062320451544,0.4288433517018954,1.7971320980125003,5.10491465528806,0.8019366197183098,0.9467020066316642
343,145,resnet18,0.8116197183098592,0.8105026102349017,0.41550127561721534,1.8009580158525043,5.116730236344868,0.8116197183098592,0.9494932320979852
344,145,shufflenetv2-0.5x,0.6100352112676056,0.5947015192128523,0.882810207704703,1.8087202194664214,5.162992477416992,0.6100352112676056,0.8138585775975176
345,145,tinynet-a,0.7953345070422535,0.7911497524101517,0.4471925463941362,1.7898860424757004,5.091217769516839,0.7953345070422535,0.942278483168441
346,145,vgg16,0.8072183098591549,0.8053906843700696,0.4175577683167325,1.8042574673891068,5.147584974765778,0.8072183098591549,0.9484981620117063
347,145,vit-tiny,0.8006161971830986,0.7995134875004682,0.4422686565667391,1.8376416911681492,5.306391795476277,0.8006161971830986,0.9439385302132884
348,150,convnext-tiny,0.6210387323943662,0.6233907408301302,0.8515439314974679,1.827435639169481,5.257483922772938,0.6210387323943662,0.8154710306623395
349,150,densenet121,0.8296654929577465,0.8270630653156744,0.35588182922866607,1.787100902862019,5.0547641846868725,0.8296654929577465,0.9592234838523114
350,150,efficientnet-b0,0.7794894366197183,0.7747714939798287,0.49858523077434963,1.7848944928911,5.0645226538181305,0.7794894366197183,0.9339893297879571
351,150,ghostnetv2,0.7706866197183099,0.764954817279738,0.5310482117864821,1.8230709301100836,5.244242257542081,0.7706866197183099,0.9240750911232238
352,150,mnasnet0_5,0.7381161971830986,0.7310039187915046,0.6038049281471305,1.8039414551522994,5.1319114168485,0.7381161971830986,0.9086857773491982
353,150,mobilenetv2,0.7913732394366197,0.7908843505709523,0.4633852475219302,1.7921013600296445,5.1090663406584,0.7913732394366197,0.9387381674412318
354,150,regnety-400mf,0.8204225352112676,0.8164675195864193,0.4136257575203975,1.7894101126326454,5.0671831336286335,0.8204225352112676,0.9507089970670941
355,150,resnet18,0.8125,0.8107286525762782,0.4131023798965745,1.7943890674246683,5.075525512297948,0.8125,0.949523946075377
356,150,shufflenetv2-0.5x,0.6346830985915493,0.6202793050856981,0.8269373683465852,1.7987594025002585,5.116543289687899,0.6346830985915493,0.8370151602885849
357,150,tinynet-a,0.8028169014084507,0.7990051684127208,0.4438083310508066,1.7937640514638689,5.10144238670667,0.8028169014084507,0.9434248132450194
358,150,vgg16,0.8389084507042254,0.8373396757459953,0.33989317942824626,1.8220080037911734,5.228253003623751,0.8389084507042254,0.9592476593055506
359,150,vit-tiny,0.8164612676056338,0.8145586496400561,0.40744673212369276,1.8359281635946696,5.28368189268642,0.8164612676056338,0.9483569341443256
