epoch,fold,total_loss,cross_entropy_loss,accuracy,precision,recall,f1_score,auc,r2_score,mae_loss,mse_loss
1,1,28.434622128804524,1.5440916154119704,0.1954225352112676,0.5282511007430015,0.1954225352112676,0.06968491590704401,0.44406487174189313,-16.419149613697172,9.201792769961887,91.17918798658583
1,2,13.812742021348742,1.5052199628618028,0.20950704225352113,0.6098600930628174,0.20950704225352113,0.08018009103855629,0.49668528509296095,-7.544186017078198,6.04878404405382,42.53029155731201
1,3,4.821680506070455,1.4999563031726413,0.22711267605633803,0.1821339658943677,0.22711267605633803,0.12334017160895094,0.5179619900171509,-1.530896865963633,2.9719017611609564,12.572369787428114
1,4,2.6892406079504223,1.3384591142336528,0.40669014084507044,0.23784643343934575,0.40669014084507044,0.29179424372320883,0.4853812329924039,-0.07815078711498202,1.934201955795288,5.841063923305935
2,1,2.5273535119162664,1.2554653220706515,0.39436619718309857,0.3435958854167441,0.39436619718309857,0.31409161802206326,0.5197795733363937,-0.054093512538057054,1.8831778830952115,5.495092471440633
2,2,2.4199902746412487,1.241109894381629,0.3926056338028169,0.2866908900209769,0.3926056338028169,0.3311070725427836,0.5266289047576146,-0.02572060675201726,1.8146484891573589,5.170711000760396
2,3,2.3689180148972406,1.242534081141154,0.3926056338028169,0.30589298471488047,0.3926056338028169,0.32698182567799045,0.5491519098407999,-0.044731992157566625,1.7787980371051364,4.997146977318658
2,4,2.5101860430505543,1.2342933217684429,0.41725352112676056,0.3368981329839502,0.41725352112676056,0.34522718892540766,0.5507144674077817,-0.044337037765074694,1.8684461050563388,5.487268884976705
3,1,2.4687771466043262,1.223405745294359,0.42077464788732394,0.35662037702404903,0.42077464788732394,0.3361900941191608,0.5571065439929251,-0.03669294453612926,1.8617319266001384,5.374643524487813
3,2,2.4066819548606873,1.2460342049598694,0.3926056338028169,0.2775554844216816,0.3926056338028169,0.3181856472166331,0.5120747121609953,-0.02749665816079805,1.799775673283471,5.114859938621521
3,3,2.394683407412635,1.2518897321489122,0.375,0.26884049324355225,0.375,0.3130978162486826,0.5196368321723035,-0.06203253388733132,1.7853148778279622,5.061201797591315
3,4,2.5050821436776056,1.2314006090164185,0.3996478873239437,0.3351532572055711,0.3996478873239437,0.34599616164261476,0.5564754760375787,-0.02194642506199118,1.867339054743449,5.47700564066569
4,1,2.467885626686944,1.2101219760047064,0.4454225352112676,0.39113490675990675,0.4454225352112676,0.3622223037463843,0.5722392466452888,-0.04173052617171713,1.8693719307581584,5.402667164802551
4,2,2.3816339903407626,1.2160958250363667,0.43838028169014087,0.37352119727324773,0.43838028169014087,0.37434903896959815,0.5478577067426368,-0.03131708337088046,1.800540394253201,5.101222952206929
4,3,2.35557523700926,1.2374542885356479,0.38380281690140844,0.30223330929399805,0.38380281690140844,0.3150959447746073,0.5591378807412923,-0.01853790275842715,1.7684123913447063,4.964524030685425
4,4,2.4884015056822033,1.2247640093167622,0.42077464788732394,0.3455697528278174,0.42077464788732394,0.3633507931206186,0.553053160801755,-0.016419283851526023,1.8621200455559626,5.436888734499614
5,1,2.4434217148356967,1.1880179047584534,0.4841549295774648,0.41845675578069946,0.4841549295774648,0.40751073409074234,0.6085891740668277,-0.022779885727432836,1.864832467503018,5.372697048717075
5,2,2.39135037528144,1.2064717080858018,0.4295774647887324,0.34548297784827053,0.4295774647887324,0.3666527592462749,0.5721056801901216,-0.06124774876609873,1.8083230521943834,5.15606705347697
5,3,2.359002755747901,1.2201003895865545,0.4102112676056338,0.3323248313409871,0.4102112676056338,0.3487791617525487,0.5751801485766844,-0.004474379123234895,1.7772338853942022,5.016441570387946
5,4,2.4729981422424316,1.2022865348392062,0.47183098591549294,0.3994524265181597,0.47183098591549294,0.4110698516355276,0.5856750212323202,-0.0319414265200102,1.8590991761949327,5.437991751564874
6,1,2.4597356716791787,1.2059242328008015,0.4278169014084507,0.3128041952017918,0.4278169014084507,0.36007650843331596,0.5658664539273283,-0.04935614452594228,1.8657454583379958,5.385295457310146
6,2,2.3562116424242654,1.1909488042195637,0.45774647887323944,0.3410410433200064,0.45774647887323944,0.39035296376960243,0.5969983329208663,-0.04060834083574849,1.7965391940540738,5.075158066219753
6,3,2.3448156317075095,1.1996295187208388,0.4225352112676056,0.33217147170975775,0.4225352112676056,0.35824471312142286,0.6006108007221137,-0.04306151021365734,1.7798444827397664,5.0169163544972735
6,4,2.445411887433794,1.169979797469245,0.45422535211267606,0.3907615565185988,0.45422535211267606,0.40014618451500455,0.6253987086774,-0.029558988820416632,1.8563000361124675,5.421419925159878
7,1,2.4370521903038025,1.179494367705451,0.4507042253521127,0.33374257402120233,0.4507042253521127,0.3833944144362612,0.5828587794649571,-0.04909279798163069,1.8595828546418085,5.371353599760267
7,2,2.3416731423801846,1.1724835568004184,0.4454225352112676,0.3586584176801275,0.4454225352112676,0.38407153446997777,0.6019890273347648,-0.02130325487079099,1.7955805659294128,5.069782058397929
7,3,2.315324525038401,1.1759566002421908,0.4524647887323944,0.4170237935096381,0.4524647887323944,0.389970386663444,0.6007616705798379,-0.034975443880266965,1.7710210217369928,4.9738495747248335
7,4,2.4575595458348594,1.169827789068222,0.44366197183098594,0.3478050025404687,0.44366197183098594,0.38573166264060205,0.6266367325701618,-0.014645677017452785,1.8685411943329706,5.462266736560398
8,1,2.440849118762546,1.1676546103424497,0.4665492957746479,0.4267767618004911,0.4665492957746479,0.4020774783478375,0.6167719916978823,-0.04180460955944265,1.8726531267166138,5.411636259820726
8,2,2.3578940100140042,1.1836708651648626,0.4471830985915493,0.37830011256623564,0.4471830985915493,0.38516001888281015,0.5778851608412527,-0.034168469009502545,1.7998232709036932,5.097747829225328
8,3,2.311359100871616,1.1675704850090876,0.47007042253521125,0.44104562796096203,0.47007042253521125,0.40295342196727624,0.6231415327640069,-0.03454685719174733,1.7723446157243516,4.980199164814419
8,4,2.4480150275760226,1.1566841536098056,0.4612676056338028,0.3759472217922922,0.4612676056338028,0.4029591843757714,0.6239021183278175,-0.017988480057925083,1.8648035791185167,5.461120155122545
9,1,2.446291400326623,1.1607173648145463,0.4876760563380282,0.4033565658229176,0.4876760563380282,0.4223666731325295,0.6112923000044022,-0.04488351801854962,1.8723189963234796,5.445963925785488
9,2,2.3521356317732067,1.1614040235678356,0.49119718309859156,0.44327848466968517,0.49119718309859156,0.42607905497501136,0.6008856763411934,-0.03906592900717554,1.8079459733433194,5.1305091381073
9,3,2.306966688897875,1.1497066484557257,0.4894366197183099,0.4027121747412002,0.4894366197183099,0.4278434648030934,0.6470159796346167,-0.03010896783207695,1.7839266724056668,5.007239951027764
9,4,2.4331780672073364,1.1446674631701574,0.47183098591549294,0.40410213963259833,0.47183098591549294,0.4096768979860923,0.6528108792949788,-0.01696302607933453,1.8580083847045898,5.4397026432885065
10,1,2.4250661532084146,1.1605453954802618,0.49119718309859156,0.39400640523468683,0.49119718309859156,0.42230552572763985,0.6416012094653727,-0.01157926525120856,1.8611368735631306,5.375614431169298
10,2,2.3218976060549417,1.1441917618115742,0.49295774647887325,0.41509059413719446,0.49295774647887325,0.43047433823959286,0.6315330085678476,-0.02132281560690541,1.7942886352539062,5.069877703984578
10,3,2.3024218810929193,1.142890665266249,0.4964788732394366,0.4866415217926262,0.4964788732394366,0.4291397785627156,0.6349446254451485,-0.0248974196257139,1.7773537635803223,5.007994598812527
10,4,2.423218826452891,1.116190595759286,0.5035211267605634,0.44775252070854954,0.5035211267605634,0.43859721361751447,0.6870687063100214,-0.04780850554798399,1.8618729445669386,5.472951173782349
11,1,2.393260783619351,1.1164420710669622,0.49295774647887325,0.4096982572184701,0.49295774647887325,0.4288990495604851,0.6787655716472053,-0.03660339024362247,1.8615330391459994,5.372504128350152
11,2,2.3098162942462497,1.1066449383894603,0.5052816901408451,0.45948017919724926,0.5052816901408451,0.44218303853334434,0.6616099565846247,-0.029699930650931794,1.8006393644544814,5.117215977774726
11,3,2.2835692034827337,1.1305107871691387,0.4823943661971831,0.4032006416322358,0.4823943661971831,0.4203179385214361,0.6514538563671425,-0.027110123646429507,1.7715784112612407,4.974038693639967
11,4,2.4279474351141186,1.1094428069061704,0.5070422535211268,0.4543903551971704,0.5070422535211268,0.4550220040189896,0.6714333028885163,-0.045582449416623705,1.862992763519287,5.504458096292284
12,1,2.373073697090149,1.0915538966655731,0.5140845070422535,0.4291420854445673,0.5140845070422535,0.45273963180527954,0.6780321411553076,-0.02237945811929687,1.8634350895881653,5.363286349508497
12,2,2.3015108704566956,1.09329174624549,0.5387323943661971,0.4856437538273117,0.5387323943661971,0.4712387665071634,0.6804820870633965,-0.05998577403576455,1.8060112396876018,5.12068870332506
12,3,2.2852426767349243,1.1164945827590094,0.49119718309859156,0.4444247358799891,0.49119718309859156,0.4503935034854459,0.6779419719389529,-0.03882443746246822,1.7830319470829434,5.012321445677015
12,4,2.3999333845244513,1.094528363810645,0.5017605633802817,0.4506529744504765,0.5017605633802817,0.4517793975227258,0.7014319325385985,-0.02478408944392818,1.858141130871243,5.445878254042731
13,1,2.369880371623569,1.0756412247816722,0.5387323943661971,0.46116547765285293,0.5387323943661971,0.4750456783311863,0.7050919982226601,-0.028937053166811832,1.8672562374009027,5.389771421750386
13,2,2.2709854443868003,1.0547220011552174,0.5528169014084507,0.49260328073762005,0.5528169014084507,0.4900450736439133,0.7111877532501938,-0.018894328184046127,1.8010283841027155,5.1089332766003075
13,3,2.2288189596600003,1.0533625019921198,0.5334507042253521,0.47771626567968434,0.5334507042253521,0.47711314967097734,0.7316563920053503,-0.057777602043624476,1.7684897515508864,4.97155053085751
13,4,2.4016632636388144,1.080311440759235,0.5334507042253521,0.4839193564602658,0.5334507042253521,0.4948851736265408,0.7033392850915172,-0.034190312520619326,1.8724183837572734,5.484817425409953
14,1,2.345261189672682,1.0575488408406575,0.5387323943661971,0.45610271662336477,0.5387323943661971,0.48117274888549805,0.7175196394829452,-0.02637550203537664,1.8568502134746976,5.349923120604621
14,2,2.2704885734452143,1.059204147921668,0.5211267605633803,0.45442439158500547,0.5211267605633803,0.4730000323809567,0.6888710802337605,-0.019622427019788002,1.7940907213422987,5.096818831231859
14,3,2.2912733289930554,1.0958942572275798,0.5176056338028169,0.44850700971056956,0.5176056338028169,0.4662544082118633,0.7102067318544603,-0.0333198277934037,1.7861649725172255,5.080491052733527
14,4,2.3969473640124,1.0748622053199344,0.5105633802816901,0.4451859091925677,0.5105633802816901,0.4644023425882633,0.7085499239896721,-0.06201714958308413,1.8660882314046223,5.481812530093723
15,1,2.3546707696384854,1.0523561305469937,0.5616197183098591,0.49331343654703763,0.5616197183098591,0.5076473224869893,0.7200891487777208,-0.04100441524480236,1.8615546822547913,5.393404761950175
15,2,2.2412499056922064,1.027688248289956,0.5598591549295775,0.5087585259987599,0.5598591549295775,0.517835809167238,0.7203157221392549,-0.013692056963337862,1.7966334621111553,5.072893487082587
15,3,2.2129019035233393,1.0469053586324055,0.5404929577464789,0.4837582950031225,0.5404929577464789,0.495593707678393,0.7298701619054047,-0.008575961413078037,1.763178871737586,4.933560344907972
15,4,2.379394253094991,1.0547126995192633,0.5352112676056338,0.4729374147248096,0.5352112676056338,0.4986520470320498,0.7220139998725076,-0.033173484738951986,1.8629524641566806,5.470317694875929
16,1,2.327227486504449,1.0267027219136555,0.5651408450704225,0.4966915528257263,0.5651408450704225,0.5079041664688757,0.720991021887178,-0.018863073614242776,1.8632468514972262,5.361785027715895
16,2,2.241217235724131,0.9988504846890768,0.5563380281690141,0.4828484578666707,0.5563380281690141,0.501163944264057,0.7391495011653658,-0.05423837544244048,1.8100917670461867,5.140072796079847
16,3,2.232356627782186,1.0364071660571628,0.5545774647887324,0.4980550160723805,0.5545774647887324,0.5210152567718651,0.7342447164272822,-0.025103231831775652,1.7801312274403043,5.022905283504063
16,4,2.317357063293457,1.001406321922938,0.579225352112676,0.5232827262880274,0.579225352112676,0.5328646682620517,0.7589997473511354,-0.030280575849022773,1.8502318395508661,5.387908538182576
17,1,2.295610500706567,0.9953417943583595,0.5721830985915493,0.5204534104389945,0.5721830985915493,0.5365756213818945,0.7631004594408598,-0.02998753291933487,1.8535941044489543,5.329570637808906
17,2,2.238041771782769,1.0206157333321042,0.5651408450704225,0.5155151063402128,0.5651408450704225,0.5341921405482073,0.7295189797923154,-0.021212657783312938,1.7937593923674688,5.078702357080248
17,3,2.207697961065504,1.0303949217001598,0.5545774647887324,0.5008110215970564,0.5545774647887324,0.5122695022069343,0.7250754485689163,-0.028445258385213057,1.7674645847744412,4.954738232824537
17,4,2.3669364386134677,1.0245972639984555,0.5563380281690141,0.5114399210067896,0.5563380281690141,0.5265924610282262,0.7483230500055668,-0.03399437193526911,1.865563737021552,5.499060975180732
18,1,2.3137156036165027,0.9752753973007202,0.5880281690140845,0.5371197468867331,0.5880281690140845,0.5525602307465489,0.768936133573696,-0.04936432635615606,1.8744490411546495,5.436742597156101
18,2,2.2166574398676553,0.9702816870477464,0.5845070422535211,0.5258390495581032,0.5845070422535211,0.5421681937922108,0.7661724054447847,-0.022633115551764282,1.8004956973923578,5.124867386288113
18,3,2.166890713903639,0.9605436987347074,0.6038732394366197,0.5378761694987533,0.6038732394366197,0.5542524240662392,0.7905799742696261,-0.02352691326334444,1.7716170483165317,4.98170018196106
18,4,2.345192790031433,1.020491984155443,0.5404929577464789,0.5033113759446276,0.5404929577464789,0.5205576730432537,0.7425412224860185,-0.0320351668530412,1.8617851667933993,5.436161200205485
19,1,2.3051088915930853,1.0060003565417395,0.5563380281690141,0.48420087379512455,0.5563380281690141,0.5072363281661444,0.7500646689186643,-0.030346241449897615,1.8516031967269049,5.336361977789137
19,2,2.203006863594055,0.9632405208216773,0.5950704225352113,0.5462115055471867,0.5950704225352113,0.554492642200247,0.780797618020681,-0.03410366520191199,1.7965060538715787,5.095794810189141
19,3,2.183808704217275,0.9770027034812503,0.5704225352112676,0.5188250404063727,0.5704225352112676,0.537046976876075,0.7762288974324698,-0.009953516709892973,1.776198877228631,4.999689194891188
19,4,2.3134148915608725,0.9829714165793525,0.5721830985915493,0.5244028203591434,0.5721830985915493,0.5453447072830627,0.7725824575263328,-0.01940039633259638,1.849604566891988,5.417782757017347
20,1,2.281483252843221,0.9629398120774163,0.5757042253521126,0.586380868714617,0.5757042253521126,0.5419215012182743,0.7750449287914408,-0.0342642818075749,1.8616895344522264,5.358084440231323
20,2,2.1721155179871454,0.9393407040172153,0.5880281690140845,0.540390865531809,0.5880281690140845,0.5414278699638225,0.7857447976761122,-0.03905330293922438,1.7886720697085063,5.048589984575908
20,3,2.152902146180471,0.9462464087539249,0.5897887323943662,0.5396832949649851,0.5897887323943662,0.561882106766144,0.7880670813047841,-0.007332857854052799,1.7689827216996088,4.968432029088338
20,4,2.2977735002835593,0.9598812891377343,0.5809859154929577,0.5301303244439446,0.5809859154929577,0.550081878682958,0.787157092335876,-0.04602071046140388,1.8564985791842143,5.419521888097127
21,1,2.2638616495662265,0.945251637034946,0.579225352112676,0.5108082987741063,0.579225352112676,0.5350118161510397,0.7727335937645087,-0.006613050499961304,1.8578118681907654,5.340618186526829
21,2,2.1885565320650735,0.9298899306191338,0.6056338028169014,0.5627364147748084,0.6056338028169014,0.5693625846796333,0.7887981876843275,-0.026655515729420376,1.8057312501801386,5.125445074505276
21,3,2.1422312988175287,0.9376974105834961,0.5845070422535211,0.5268413995479762,0.5845070422535211,0.5494251522116881,0.7931824691989171,-0.029211433435318623,1.7646057605743408,4.952810234493679
21,4,2.2979728645748563,0.9522804419199625,0.596830985915493,0.6243879946344735,0.596830985915493,0.5730836916792272,0.7941166142939867,-0.007403688438142542,1.8531066841549344,5.437921656502618
22,1,2.318530089325375,0.9786257876290215,0.5845070422535211,0.5354157859064764,0.5845070422535211,0.5502798516685937,0.7709210149842285,-0.03743593406477075,1.8635520537694295,5.444973190625508
22,2,2.2182333866755166,0.964573515786065,0.5897887323943662,0.5477755310080938,0.5897887323943662,0.5570943022014324,0.7861547664051036,-0.028041521199959618,1.8101764586236742,5.143439544571771
22,3,2.141688088575999,0.936378174357944,0.573943661971831,0.5220807321078801,0.573943661971831,0.5422152113074168,0.7986228546003327,-0.03246299386964058,1.7608918812539842,4.954077733887567
22,4,2.2974818348884583,0.936032106479009,0.6056338028169014,0.5754172369641044,0.6056338028169014,0.5890610304816518,0.795638556595891,-0.021950365795332605,1.8642581436369154,5.474197798305088
23,1,2.251930216948191,0.9240935643513998,0.5985915492957746,0.5327499344850877,0.5985915492957746,0.553709374187995,0.7949985385213454,-0.025899406113574885,1.8669342398643494,5.350215607219273
23,2,2.175238437122769,0.9232870075437758,0.5985915492957746,0.6136960354962646,0.5985915492957746,0.5639364627855218,0.7944621213230385,-0.02308176591845834,1.803442935148875,5.096458315849304
23,3,2.163510110643175,0.9054645531707339,0.6073943661971831,0.6270382838833912,0.6073943661971831,0.5751077488686887,0.7986065653962423,-0.05952637906815439,1.7884012593163385,5.098949472109477
23,4,2.2695985436439514,0.9201682971583472,0.5721830985915493,0.531231201234198,0.5721830985915493,0.5463873221171471,0.799951537394198,-0.014014834805115006,1.8543069296412997,5.418268826272753
24,1,2.285483201344808,0.9079668521881104,0.625,0.5744631185807657,0.625,0.5914675628124332,0.7982589847989663,-0.0627130885086502,1.8845352331797283,5.499687910079956
24,2,2.1595244672563343,0.8935305145051744,0.5950704225352113,0.5472625157007903,0.5950704225352113,0.5654545742199559,0.8134414544059266,-0.019401729067862528,1.7990600400500827,5.113510171572368
24,3,2.1656248966852822,0.9573881427447001,0.5950704225352113,0.5433638504297047,0.5950704225352113,0.5626153507276451,0.7895374887262167,-0.06173257837901791,1.768169515662723,4.98484386338128
24,4,2.2911510931120977,0.9231158561176724,0.6056338028169014,0.5639542208505145,0.6056338028169014,0.5834162544057038,0.8024630359994044,-0.022335169953974,1.868827952278985,5.483233160442776
25,1,2.257787346839905,0.9181249737739563,0.5950704225352113,0.5836643271369769,0.5950704225352113,0.5639595729875905,0.8030261828373443,-0.02700763927984995,1.8666851785447862,5.38366613123152
25,2,2.164210571183099,0.8712827927536435,0.6126760563380281,0.6106932586993175,0.6126760563380281,0.5669964536670363,0.8162938477743127,-0.050661639876290465,1.809661289056142,5.181041797002156
25,3,2.140787343184153,0.8813751108116574,0.625,0.6037495411191449,0.625,0.6044722257374373,0.8202089342569268,-0.032699259211788734,1.7833075920740764,5.079415758450826
25,4,2.2756694621509976,0.9154667059580485,0.6302816901408451,0.5855519139517474,0.6302816901408451,0.6024535238517246,0.8162835755911299,-0.03081073846226401,1.8604988389545016,5.449475685755412
26,1,2.22348819176356,0.8926929500367906,0.5845070422535211,0.5379794632790157,0.5845070422535211,0.5522972333376361,0.8072426220494001,-0.038948859409515535,1.8541530503167047,5.3286767800649
26,2,2.108343521753947,0.849453565147188,0.6320422535211268,0.6385660104603429,0.6320422535211268,0.591573573555176,0.8340320889354702,-0.02150178342288167,1.7855982449319627,5.04575318760342
26,3,2.1054910090234547,0.8702610267533196,0.6355633802816901,0.6114858476642608,0.6355633802816901,0.6101967179131383,0.8194079651883678,-0.007050212766820385,1.7786907686127558,4.9876940912670555
26,4,2.2629002266459994,0.9115083482530382,0.6003521126760564,0.5775721039998822,0.6003521126760564,0.5799381535766825,0.8139579079521739,-0.019165604395009472,1.852852874332004,5.416147722138299
27,1,2.20314441786872,0.8536268472671509,0.6179577464788732,0.6338687844568213,0.6179577464788732,0.5887777654916827,0.8288933469110938,-0.03170329331514532,1.860546761088901,5.352018502023485
27,2,2.122978150844574,0.8580481012662252,0.6373239436619719,0.6165940571271432,0.6373239436619719,0.6159949572356707,0.8206568764950054,-0.032561491040765445,1.7957144843207464,5.074481301837498
27,3,2.1101782520612082,0.877950413359536,0.6302816901408451,0.5869669230064576,0.6302816901408451,0.6077579716157285,0.8225050339349929,-0.027201535573387003,1.7693438861105177,4.985376358032227
27,4,2.225396580166287,0.8406056099467807,0.625,0.5974084741884896,0.625,0.6045164790255151,0.8312841730353974,-0.030921199447440095,1.8587069643868341,5.456575300958422
28,1,2.233702434433831,0.8564094934198592,0.6161971830985915,0.5974869141240238,0.6161971830985915,0.5782555528272386,0.8235034887271633,-0.024570370467294822,1.871815820535024,5.447385814454821
28,2,2.1201492018169827,0.8435182736979591,0.6179577464788732,0.5912626961345098,0.6179577464788732,0.5916299748154011,0.8296860398875028,-0.03996779933614247,1.8033357395066156,5.098954452408685
28,3,2.0877507593896656,0.8305091261863708,0.6549295774647887,0.6503308027312185,0.6549295774647887,0.6384804721057641,0.8411028133702055,-0.01541830840557079,1.7832806441518996,5.021314395798577
28,4,2.238546265496148,0.8610079619619582,0.6179577464788732,0.581754973864998,0.6179577464788732,0.596705792079125,0.831372258539331,-0.03979317121929471,1.8641414244969685,5.452802101771037
29,1,2.255304111374749,0.8962896830505795,0.6197183098591549,0.5835048725987916,0.6197183098591549,0.586403188378564,0.8159692059324215,-0.038614497657969205,1.868442992369334,5.426337520281474
29,2,2.109543217553033,0.8476098808977339,0.6267605633802817,0.606292567659743,0.6267605633802817,0.6082227036112237,0.8204929393692411,-0.015823741718403728,1.7930181291368272,5.054054141044617
29,3,2.1128754880693226,0.8833085497220358,0.6073943661971831,0.5784181506438435,0.6073943661971831,0.581875555170253,0.8150120778912007,-0.03451463833446722,1.7776725557115343,4.981864823235406
29,4,2.2094232638676963,0.8591252366701762,0.6267605633802817,0.5994854807288476,0.6267605633802817,0.6003992384064251,0.8272258632859608,0.01612447485065316,1.8444113334019978,5.360118309656779
30,1,2.167805936601427,0.8101243310504489,0.6602112676056338,0.631845523611227,0.6602112676056338,0.6365585278834264,0.8455206412288843,-0.030354319127136042,1.8579899006419711,5.335729479789734
30,2,2.0908133917384677,0.8204418751928542,0.6390845070422535,0.6271646734241386,0.6390845070422535,0.6150449899381633,0.8358378448473864,-0.013633063583971428,1.7902167108323839,5.055013444688585
30,3,2.073531256781684,0.8355340162913004,0.647887323943662,0.6259472184445551,0.647887323943662,0.6229779880483493,0.8406899490482698,-0.029594850870403144,1.767626530594296,4.962191250589159
30,4,2.214025126563178,0.8390029238329993,0.6109154929577465,0.6034734718724323,0.6109154929577465,0.596562910150422,0.8369169922335671,-0.02312722695309488,1.8475625183847215,5.4224101305007935
31,1,2.180462380250295,0.8192396130826738,0.6373239436619719,0.62246263113126,0.6373239436619719,0.6118605521000929,0.8439016501341263,-0.019615574309017836,1.8589091698328655,5.356648749775356
31,2,2.0682829883363514,0.7867812348736657,0.670774647887324,0.6533468157065424,0.670774647887324,0.6541562643791747,0.8472126849678364,-0.02060522122498898,1.7891961004998949,5.058453533384535
31,3,2.059278190135956,0.8148030771149529,0.647887323943662,0.6407713962950251,0.647887323943662,0.6329003109790771,0.8464145082317485,-0.020581299291425825,1.767352090941535,4.96305329269833
31,4,2.1620847516589694,0.7640776369306777,0.6619718309859155,0.6766027764196227,0.6619718309859155,0.645847153712592,0.8618150653181305,-0.02971774021715956,1.8497668372260199,5.4241012467278376
32,1,2.20617186360889,0.8561894264486101,0.6285211267605634,0.6092864568845916,0.6285211267605634,0.6043784713308022,0.8251402569081726,-0.026731024007387694,1.8604301412900288,5.3561307191848755
32,2,2.059219221274058,0.7648674845695496,0.6830985915492958,0.6634570275756193,0.6830985915492958,0.6612794507896634,0.86036422938453,-0.0018832250195759404,1.7980564104186163,5.079373055034214
32,3,2.0497037967046103,0.7722126411067115,0.6390845070422535,0.6256246452126967,0.6390845070422535,0.6225877883561445,0.853450957484246,-0.05415652126075421,1.782707691192627,5.030516266822815
32,4,2.2107847531636557,0.8355151481098599,0.6408450704225352,0.6351421174802955,0.6408450704225352,0.6236389323853516,0.8454514049609791,-0.008948662812939379,1.8563036918640137,5.419747061199612
33,1,2.1562084356943765,0.7731645206610361,0.6654929577464789,0.6464984350547732,0.6654929577464789,0.6447298324944613,0.856827094928503,-0.03492662467799845,1.8597012625800238,5.383310755093892
33,2,2.0798237456215753,0.7881349424521128,0.6602112676056338,0.63705686719067,0.6602112676056338,0.637975143150172,0.8512404391327564,-0.0428426257599821,1.8006050454245672,5.093764079941644
33,3,2.0731317732069225,0.8358147740364075,0.6267605633802817,0.5987400505977039,0.6267605633802817,0.6047897009646093,0.8351345701066335,-0.0031606803710713116,1.7705904973877802,4.960204535060459
33,4,2.2073663075764975,0.8092527223957909,0.6549295774647887,0.6441868456729682,0.6549295774647887,0.6421507227913943,0.8476853630868668,-0.05145588543127744,1.869252622127533,5.469631168577406
34,1,2.171597374810113,0.8291784392462836,0.6373239436619719,0.6092884730702289,0.6373239436619719,0.6164706055015196,0.8407148182108444,-0.011706625447223784,1.848972221215566,5.303908109664917
34,2,2.0793587035602994,0.8027577234639062,0.6514084507042254,0.634088003730955,0.6514084507042254,0.63569680117693,0.8499348470354346,0.0025053894991841075,1.79007007016076,5.058094090885586
34,3,2.0460188388824463,0.7790597776571909,0.6672535211267606,0.672625682606996,0.6672535211267606,0.6513384666702794,0.8610821819619765,-0.022526511783402592,1.7729791469044156,5.0022563801871405
34,4,2.1903652283880444,0.7923903697066836,0.6514084507042254,0.6093042573232904,0.6514084507042254,0.623780801275701,0.8526971744244413,-0.02728668961355174,1.860670030117035,5.452306363317701
35,1,2.186659316221873,0.7955812381373512,0.6461267605633803,0.6354021392703529,0.6461267605633803,0.6389325517335139,0.8500583654688132,-0.028937638959181777,1.868825614452362,5.432507952054341
35,2,2.0562713278664484,0.7714449084467359,0.6848591549295775,0.6726771460209962,0.6848591549295775,0.6507168075230726,0.854822848434817,-0.02860732652965514,1.7841565873887804,5.054199470414056
35,3,2.0220295786857605,0.7605078650845422,0.6672535211267606,0.6698449487906322,0.6672535211267606,0.648940344273439,0.8675467790667718,-0.030459685157515848,1.7607534329096477,4.9655800395541725
35,4,2.1471700734562345,0.7579768796761831,0.6602112676056338,0.6592325565687289,0.6602112676056338,0.6446371097770929,0.8630633337250362,-0.011954957965751634,1.848930557568868,5.388620641496447
36,1,2.0982347594367132,0.7353628476460775,0.6848591549295775,0.6665211412141431,0.6848591549295775,0.6726507048113007,0.8662791291659468,-0.013822844975445836,1.8451680408583746,5.278269078996447
36,2,2.064793414539761,0.7723592122395834,0.6672535211267606,0.6717634898120666,0.6672535211267606,0.6500432767511161,0.861896470208917,-0.02167175146076805,1.799117969142066,5.080473105112712
36,3,2.031424959500631,0.7640194776985381,0.6514084507042254,0.639229431236849,0.6514084507042254,0.6322134121575442,0.8565819558795397,-0.008008330337556435,1.7761405507723491,4.988704204559326
36,4,2.183196233378516,0.7876753442817264,0.6602112676056338,0.661513211434031,0.6602112676056338,0.6403795361981779,0.8555284185557983,-0.019369005727165156,1.8508231242497761,5.439411481221517
37,1,2.131662083996667,0.743202441268497,0.6883802816901409,0.6718691436910432,0.6883802816901409,0.6748561712785154,0.8653473621666691,-0.015803643107631826,1.8627368013064067,5.3714010450575085
37,2,2.0312205288145275,0.7479409095313814,0.6637323943661971,0.6505078684208516,0.6637323943661971,0.6497848272494928,0.8678946775549917,0.003336948416742702,1.7843449711799622,5.025539331965977
37,3,2.03117698431015,0.7524315019448599,0.6901408450704225,0.690743832887403,0.6901408450704225,0.6647441716778376,0.8747658143623351,-0.044837879053561513,1.7730991774135165,5.0149162080552845
37,4,2.1528396473990545,0.7687109973695543,0.6566901408450704,0.647439961275413,0.6566901408450704,0.6480760861444571,0.8587903341369334,0.007127700206262633,1.8526711265246074,5.382472991943359
38,1,2.115448852380117,0.7311429083347321,0.6461267605633803,0.6430715635643556,0.6461267605633803,0.6332382519738502,0.865683268310359,-0.02008220728977661,1.8531660636266072,5.345495859781901
38,2,2.023699608114031,0.722753279738956,0.670774647887324,0.6493424101798245,0.670774647887324,0.6489176227829335,0.8741382031357801,-0.0440872726079804,1.788725945684645,5.059240897496541
38,3,2.0108220709694757,0.7473396956920624,0.6514084507042254,0.6312077868191144,0.6514084507042254,0.6340869984744735,0.8652693032788829,-0.027199366082185428,1.7623450822300382,4.958947446611193
38,4,2.142582058906555,0.7452026108900706,0.6549295774647887,0.6418596686501992,0.6549295774647887,0.6407514811519347,0.8664728655701059,-0.01685053120378588,1.8469180795881484,5.403133842680189
39,1,2.0852143830723233,0.7021578848361969,0.6866197183098591,0.6652356596365009,0.6866197183098591,0.6695541185720494,0.8764273299529592,0.00402940240463201,1.847703562842475,5.312346034579807
39,2,2.0026813281906977,0.7239743371804556,0.6795774647887324,0.6805501385550404,0.6795774647887324,0.6606228171079374,0.866892598984295,-0.010333272777335534,1.7747103108300104,4.9863307873408
39,3,2.014418794049157,0.731003483136495,0.6778169014084507,0.6653034500286152,0.6778169014084507,0.6611891882249268,0.8661672299750611,-0.03119779983882265,1.777960995833079,5.009054369396633
39,4,2.140388230482737,0.7275702870554395,0.6584507042253521,0.6488115550867615,0.6584507042253521,0.6436771149047654,0.8715854875134075,-0.012582908367599899,1.8483085102505155,5.4369632138146295
40,1,2.1145763993263245,0.7487205084827211,0.6690140845070423,0.6525002877907461,0.6690140845070423,0.655919111136923,0.8609769485410901,-0.009625422697531194,1.8509918451309204,5.301573342747158
40,2,2.0667664342456393,0.724295535021358,0.6637323943661971,0.6453896220241805,0.6637323943661971,0.6478120969084697,0.8742602838683682,-0.037864095659735364,1.8157573541005452,5.1991983784569635
40,3,2.024414771132999,0.7615873085127937,0.6602112676056338,0.6471705461046763,0.6602112676056338,0.6489032905111976,0.8622842608951424,-0.020690204688450953,1.7687513099776373,4.9710120757420855
40,4,2.1385865675078497,0.7365171412626902,0.6778169014084507,0.672459527224665,0.6778169014084507,0.6662650817294063,0.8733300457256186,-0.027946328019654798,1.8498160772853427,5.4100816117392645
41,1,2.124038967821333,0.7096296283933852,0.676056338028169,0.6675377911304986,0.676056338028169,0.664598945338022,0.874249702845789,-0.012452766093540957,1.8707555267545912,5.424327294031779
41,2,2.0011375149091086,0.6863678942124048,0.7095070422535211,0.6938932213310114,0.7095070422535211,0.6870115711242745,0.8867913425499642,-0.046914288520239156,1.792939649687873,5.068933089574178
41,3,2.0150335960918,0.7276665783590741,0.6883802816901409,0.6790659844385353,0.6883802816901409,0.6798534243153003,0.8731874378940448,-0.04822230875202127,1.7734379238552518,5.018889811303881
41,4,2.1326764822006226,0.731946168674363,0.6901408450704225,0.6854462631976675,0.6901408450704225,0.6795248084981321,0.866982801207173,-0.009327430985618834,1.847588797410329,5.40104693836636
42,1,2.108273830678728,0.7308359295129776,0.6778169014084507,0.6611719341736999,0.6778169014084507,0.6601202132581586,0.8674052853956394,-0.016158638306494,1.8528226680225797,5.322295361095005
42,2,2.024804479546017,0.7323632737000784,0.6848591549295775,0.6711637655135507,0.6848591549295775,0.6645988309071252,0.865538580988919,-0.011770023628946635,1.7901037401623197,5.040500468677944
42,3,1.996425986289978,0.7109518547852834,0.704225352112676,0.6979881790217815,0.704225352112676,0.6917457675381861,0.8793330485882577,-0.04473215709068734,1.769748820198907,4.995865530437893
42,4,2.1412430273161993,0.7320236894819472,0.6778169014084507,0.6673072535873071,0.6778169014084507,0.6619575456034694,0.8744484791001409,-0.02692300855983487,1.853482723236084,5.4294213321473865
43,1,2.0944819847742715,0.6851965304878023,0.7024647887323944,0.6896956249993912,0.7024647887323944,0.6924448896371677,0.8824470386595652,-0.025802227848588766,1.8591163224644132,5.382814539803399
43,2,1.9963145189815097,0.6918637918101417,0.7007042253521126,0.6933729138218335,0.7007042253521126,0.6845650553621786,0.8863364785197967,-0.017939714139464158,1.7920533352428012,5.040032664934794
43,3,2.011354453033871,0.7343405369255278,0.6813380281690141,0.6686190564112211,0.6813380281690141,0.6716149635633256,0.8761012184897221,-0.02495395401724365,1.7660168541802301,4.991053409046597
43,4,2.1668257448408337,0.8005684978432126,0.6725352112676056,0.6573314269190557,0.6725352112676056,0.661175686746148,0.8660959803279105,-0.02436400517387627,1.8348138994640775,5.354759163326687
44,1,2.1237049632602267,0.7286926607290903,0.6830985915492958,0.6725822593075734,0.6830985915492958,0.6719205883395815,0.8736927213082102,-0.031624569846530726,1.867529034614563,5.378733462757534
44,2,1.9914569589826796,0.6884575568967395,0.721830985915493,0.7098367526807606,0.721830985915493,0.7035337669367101,0.8836257820433091,-0.016290362860181817,1.7897551390859816,5.031788733270433
44,3,1.9737917979558308,0.7069375895791583,0.6971830985915493,0.686078289513709,0.6971830985915493,0.6852582526977735,0.8811033987928938,0.008721949292633813,1.7632903456687927,4.92978482776218
44,4,2.1135787235365973,0.684952523973253,0.698943661971831,0.6870260794741332,0.698943661971831,0.6872176585066868,0.8851134606031417,-0.037543471890544744,1.8621756964259677,5.447039630677965
45,1,2.1012912856207953,0.7001264691352844,0.6866197183098591,0.6699963862108635,0.6866197183098591,0.6714791794559515,0.8810016190478571,0.013587160215838723,1.8642995821105108,5.370675616794163
45,2,2.0136970745192633,0.7061309069395065,0.698943661971831,0.6838193917386555,0.698943661971831,0.6841598664545921,0.8701708104833403,-0.05703836920695804,1.7922789851824443,5.064684642685784
45,3,2.036205079820421,0.7562912735674117,0.6514084507042254,0.6311736446803456,0.6514084507042254,0.6348400839385463,0.8643147159623606,-0.008191863474642513,1.7777684993214078,5.022670480940077
45,4,2.130554609828525,0.7285165455606248,0.647887323943662,0.6462669459915727,0.647887323943662,0.6329774333803324,0.8721950798273803,-0.016503001579987187,1.8541301356421576,5.401976651615566
46,1,2.0880622598859997,0.6935280776686139,0.6866197183098591,0.6763556680487345,0.6866197183098591,0.6787593396708106,0.8766349531892587,0.00410951503346435,1.8532224694887798,5.341975238588121
46,2,2.0208114650514393,0.7213158044550154,0.6936619718309859,0.6760872673847048,0.6936619718309859,0.6711826658401608,0.8748068896864328,-0.014305012475102075,1.7931605180104573,5.0529678795072765
46,3,1.973367816872067,0.7042148179478116,0.6725352112676056,0.6616747869536906,0.6725352112676056,0.6519400714425365,0.883613354843245,0.0038049451560352443,1.75986827744378,4.9347246752844915
46,4,2.09980575243632,0.6735368288225598,0.704225352112676,0.708276028798343,0.704225352112676,0.6969127867957208,0.8891543108192257,-0.0197299826768067,1.8557371430926852,5.4277664290534124
47,1,2.059558888276418,0.6729557497633828,0.6901408450704225,0.6779976271128882,0.6901408450704225,0.6751315276191067,0.886980148769402,-0.019512632309579114,1.8451530602243211,5.294965982437134
47,2,1.9907824397087097,0.6807965305116441,0.704225352112676,0.6766569512286799,0.704225352112676,0.6773918769145446,0.8811714867502377,-0.00608561693013443,1.7885346743795607,5.047416037983364
47,3,1.9999937150213454,0.7370024041997062,0.6813380281690141,0.6707086368073002,0.6813380281690141,0.6720558867786653,0.8773579037308872,-0.03246592620180455,1.765187402566274,4.946973244349162
47,4,2.0925505426194935,0.67277263601621,0.7095070422535211,0.7135054612118972,0.7095070422535211,0.7032840637268859,0.8918173278614584,-0.013929615351135238,1.8498819404178195,5.40536548031701
48,1,2.0871858398119607,0.6737529304292467,0.6936619718309859,0.674908581241121,0.6936619718309859,0.6807276425403833,0.8860946558589029,-0.011535982349748064,1.862019764052497,5.385195705625746
48,2,2.001475969950358,0.7203754170073403,0.676056338028169,0.6587905716977791,0.676056338028169,0.6613017445713837,0.8813103817492087,-0.03047865858789911,1.7740971446037292,4.99071040418413
48,3,1.9056557880507574,0.6227543271250195,0.7130281690140845,0.7024439227504192,0.7130281690140845,0.701008099052819,0.9038302551812444,-0.0019382000578711533,1.7544174856609769,4.899092329872979
48,4,2.075851387447781,0.6555960476398468,0.7024647887323944,0.6932567286713884,0.7024647887323944,0.6909446926402217,0.8955012606690187,-0.015893490737073357,1.84526346789466,5.3897802697287664
49,1,2.111902826362186,0.6860646853844324,0.6813380281690141,0.6733798298400919,0.6813380281690141,0.6711311733540203,0.8759879759585524,-0.027784621274616228,1.88535694943534,5.4388583236270485
49,2,1.963050577375624,0.62129079302152,0.7341549295774648,0.7181607495805515,0.7341549295774648,0.7213818348083941,0.9043975301551912,-0.028914310796418485,1.792489104800754,5.093823234240214
49,3,1.9558967219458685,0.6794939819309447,0.704225352112676,0.6960618678323995,0.704225352112676,0.6882170115660446,0.890932736447394,-0.012664616101317527,1.7713921599917941,4.9341696633232965
49,4,2.137534969382816,0.7030902902285258,0.6936619718309859,0.6966995886568119,0.6936619718309859,0.6904077359507309,0.8842625835866471,-0.0640403472807689,1.8696340653631423,5.484572344356113
50,1,2.088329666190677,0.6902172731028663,0.6830985915492958,0.6648930269302232,0.6830985915492958,0.6689955938024997,0.8802943061677613,-0.03443312272421628,1.8604981435669794,5.350591765509711
50,2,1.996948970688714,0.7040293465058008,0.7147887323943662,0.6963461296769855,0.7147887323943662,0.6974894708244647,0.886265025932408,-0.004085051301508047,1.7787036101023357,5.013761083285014
50,3,1.9538449181450739,0.6626574132177565,0.7183098591549296,0.7006594638400305,0.7183098591549296,0.7054272731279144,0.8918928693933141,-0.035414557469626295,1.7664749092525907,4.966615557670593
50,4,2.0702826579411826,0.6406450255049599,0.7130281690140845,0.705723739678222,0.7130281690140845,0.7011077494496366,0.897128208292743,-0.014216443935848755,1.8521474997202556,5.4061035182740955
51,1,2.0504718290434942,0.6565220355987549,0.704225352112676,0.6894107134378443,0.704225352112676,0.6918682645619944,0.8918928318787166,-0.003054659467128129,1.840174867047204,5.3030211793051825
51,2,1.9666335317823622,0.6526924471060435,0.7130281690140845,0.696787178022992,0.7130281690140845,0.6966670811126663,0.9011576623130648,-0.022579470854706685,1.7821395264731512,5.032495896021525
51,3,1.9405667914284601,0.641408438483874,0.7200704225352113,0.7173365948567562,0.7200704225352113,0.7132732448422395,0.8908878743775279,-0.011701884578200206,1.7704593075646295,4.971936040454441
51,4,2.0588382018937006,0.6245008111000061,0.7165492957746479,0.7084647908018278,0.7165492957746479,0.7081328990538792,0.9010144311332795,-0.005968359680854185,1.8532887366082933,5.405625343322754
52,1,2.030539241102007,0.6435101926326752,0.7165492957746479,0.7077656755151069,0.7165492957746479,0.7096337707791862,0.8997791539603037,0.009814746561846777,1.842259446779887,5.266940130127801
52,2,1.9357267883088853,0.5969492776526345,0.75,0.7394784668462755,0.75,0.7328717808147311,0.9104300042622562,-0.018607698203333634,1.7854765322473314,5.059540775087145
52,3,1.94665707482232,0.6395944803953171,0.6954225352112676,0.6903703383831848,0.6954225352112676,0.6875507122546588,0.8952094813622756,-0.018398778671598004,1.77586258120007,4.996469537417094
52,4,2.0850737161106534,0.6623796704742644,0.704225352112676,0.7025156675545853,0.704225352112676,0.6984987634127363,0.8942779501357145,-0.030717741286477862,1.84814942545361,5.404692980978224
53,1,2.1134489377339682,0.7160339024331834,0.6813380281690141,0.6812482865520932,0.6813380281690141,0.6803967263826527,0.8741211818499756,-0.04063022682909434,1.867198155985938,5.374083929591709
53,2,1.967725482251909,0.6442739499939812,0.7183098591549296,0.7090598597691153,0.7183098591549296,0.7004935830403014,0.898400458844058,-0.009337947783136125,1.7949227028422885,5.0557788080639305
53,3,1.9937114384439256,0.7133807887633642,0.6971830985915493,0.687569698271678,0.6971830985915493,0.6843084748493095,0.8796554153328502,-0.040438635693493374,1.7651148902045355,4.981149461534288
53,4,2.112045625845591,0.7036398086282942,0.6901408450704225,0.6902514009205899,0.6901408450704225,0.6843721644058074,0.8836032314005106,-0.011988189346611833,1.8521191875139873,5.398325747913784
54,1,2.096308277712928,0.6922210107247034,0.7007042253521126,0.6786368807419022,0.7007042253521126,0.6793090892701473,0.8830408592762659,-0.03803698512684628,1.860894329018063,5.372511704762776
54,2,1.959487842188941,0.6354553633266025,0.7429577464788732,0.7287420913481072,0.7429577464788732,0.7280544066882813,0.8963635232620043,-0.027041743116162253,1.7845233215226068,5.048896736568874
54,3,1.9479497406217787,0.6566408309671614,0.698943661971831,0.6849034030935035,0.698943661971831,0.6867469089596369,0.8931498788310456,-0.011263654478487872,1.765243238872952,4.961003687646654
54,4,2.0703465938568115,0.637802928686142,0.721830985915493,0.7222437231628774,0.721830985915493,0.7195568520492384,0.8984863027894864,0.0012055646803342812,1.8501960039138794,5.412948224279615
55,1,2.0608128574159412,0.6748013844092687,0.704225352112676,0.6931781662195395,0.704225352112676,0.6894408088255383,0.8924444113153713,-0.02433061393560476,1.8481193780899048,5.294839488135444
55,2,1.9248349335458543,0.5807739049196243,0.75,0.746603326857698,0.75,0.7456119200193341,0.9113551155137997,-0.020668984866549334,1.7902544273270502,5.060977141062419
55,3,1.932074679268731,0.63999861644374,0.6936619718309859,0.6716853747876333,0.6936619718309859,0.671645196254929,0.8973959603759754,-0.015173720932221357,1.7641675406032138,4.946918593512641
55,4,2.0289806524912515,0.6195499565866258,0.7253521126760564,0.7209747023353693,0.7253521126760564,0.7173242682890552,0.9014023105578642,0.0019152644807287622,1.8402144246631198,5.317651987075806
56,1,2.0152266886499195,0.605980623099539,0.7394366197183099,0.73316789286915,0.7394366197183099,0.7285163074475908,0.9040340743207261,-0.02574674722296688,1.8481955197122362,5.303467339939541
56,2,1.968881322277917,0.6314643820126852,0.7253521126760564,0.7097530837908188,0.7253521126760564,0.708091052047858,0.895947479240176,0.005917161161221651,1.7905066145790949,5.089520653088887
56,3,1.9144826730092366,0.6206246614456177,0.7306338028169014,0.728034722817362,0.7306338028169014,0.7217536549091621,0.9068984940500331,-0.011802190891302633,1.7576612101660833,4.933484541045295
56,4,2.021640671624078,0.6037036776542664,0.6936619718309859,0.6753690814076045,0.6936619718309859,0.6773999389074004,0.9052457009860282,-0.02792440222581072,1.839120884736379,5.330160180727641
57,1,2.0605183906025357,0.622668003042539,0.7165492957746479,0.7213636620858601,0.7165492957746479,0.7173968799973717,0.9023197655122059,-0.02388791716597738,1.8639756639798482,5.415502415763007
57,2,1.9534426927566528,0.6067532963222928,0.7288732394366197,0.719427111387934,0.7288732394366197,0.7192367738065406,0.9066440535980151,-0.024696287152266683,1.7957867251502142,5.095717734760708
57,3,1.9125223358472188,0.6316471348206202,0.7130281690140845,0.6998901111986154,0.7130281690140845,0.7009515632538427,0.9013185984142364,0.009455369989347484,1.7518326507674322,4.901230878300137
57,4,2.065108471446567,0.6514065381553438,0.721830985915493,0.719233737292706,0.721830985915493,0.7179204811685233,0.9033951228917222,7.016086183042614e-05,1.8412280943658617,5.363746139738295
58,1,2.020940019024743,0.6253436356782913,0.7341549295774648,0.7246840796954613,0.7341549295774648,0.7221393277326371,0.899582589153803,-0.011491443807202684,1.8440181016921997,5.277331431706746
58,2,1.9595922364128961,0.6279377672407362,0.7394366197183099,0.7236789321662138,0.7394366197183099,0.7257409237187262,0.899475468025956,-0.009931940386957328,1.7881663574112787,5.066785825623406
58,3,1.9112073580423992,0.6213771286937926,0.7359154929577465,0.727235535344538,0.7359154929577465,0.7266858196249197,0.9033925454604331,0.0016635140340777177,1.7587365176942613,4.920811096827189
58,4,2.066681351926592,0.6259842382536994,0.7288732394366197,0.7271316572778347,0.7288732394366197,0.7243485706479144,0.9036944424087059,-0.03684115167350588,1.8516261643833585,5.428307745191786
59,1,2.0697375535964966,0.666096513470014,0.6848591549295775,0.6700898830586964,0.6848591549295775,0.6736152179496762,0.8896777569335333,-0.02761012771179261,1.8628047903378804,5.34489972061581
59,2,1.9220025075806513,0.5953476859463586,0.7517605633802817,0.7403939844373567,0.7517605633802817,0.7400839260346969,0.9145217109747004,-0.019363922059709715,1.7841007113456726,5.017530295583937
59,3,1.9087390568521287,0.6083128849665324,0.7077464788732394,0.7054540773684639,0.7077464788732394,0.6995932851141552,0.9033994392605791,-0.0021256422384599016,1.7629350357585483,4.943066689703199
59,4,2.0466620127360025,0.6241516205999587,0.7306338028169014,0.734359117612244,0.7306338028169014,0.7253883933058018,0.9051983169037825,-0.01783246417520057,1.8405677676200867,5.36585259437561
60,1,2.0165581504503884,0.599434463514222,0.7147887323943662,0.7081319477146566,0.7147887323943662,0.7063421243818552,0.9046076671721082,-0.008753601325534044,1.8469998571607802,5.323180026478237
60,2,1.9720580379168193,0.6237239059474733,0.7323943661971831,0.7223080994130403,0.7323943661971831,0.7201785148812431,0.8978110724549159,-0.036456906101473896,1.7972169982062445,5.118170791202122
60,3,1.920757320192125,0.6122341851393381,0.7376760563380281,0.7240259740259739,0.7376760563380281,0.7260356959528156,0.9092775473526249,-0.011996099649727476,1.776951081222958,4.973977751202053
60,4,2.104118433263567,0.633753702044487,0.6954225352112676,0.6941031967668078,0.6954225352112676,0.6925485205945995,0.9045632255615406,-0.06207350900128672,1.898302263683743,5.534969356324938
61,1,2.0307896402147083,0.6162392331494225,0.7147887323943662,0.7063830249416593,0.7147887323943662,0.7071572393476343,0.9025891832749987,-0.024607936810412845,1.8493155770831637,5.331407030423482
61,2,1.9587214324209425,0.6169830991162194,0.75,0.7385395116554467,0.75,0.7357096489285689,0.9061533916896758,-0.0010578772545919435,1.7976624568303425,5.089444014761183
61,3,1.9059762689802382,0.6090460138188468,0.7112676056338029,0.7156696788221875,0.7112676056338029,0.7096432533605971,0.9046010819361504,-0.015257140696425475,1.761099636554718,4.932146761152479
61,4,2.0913473433918424,0.6744023147556517,0.7095070422535211,0.71064017207038,0.7095070422535211,0.7041988109613889,0.8915737367367454,0.00484824459197386,1.8512824575106304,5.397552106115553
62,1,2.04410676823722,0.6455139186647203,0.7059859154929577,0.6936410121528547,0.7059859154929577,0.6978418596465075,0.8967086580971249,-0.04725874786064832,1.8451555172602336,5.3074898852242365
62,2,1.9631892906294928,0.5995436989598804,0.7411971830985915,0.7354792581998785,0.7411971830985915,0.7283310773495895,0.9065929061528386,-0.021445368606352933,1.8054562277264066,5.145028763347202
62,3,1.921647032101949,0.6200247026152081,0.7306338028169014,0.7212079640683657,0.7306338028169014,0.7214610254443057,0.9076216015567836,0.005304092922818859,1.7674655715624492,4.958765612708198
62,4,2.0668200850486755,0.6267053915394677,0.7394366197183099,0.7292970405725103,0.7394366197183099,0.7269599792513356,0.9064781143566285,-0.02113901671899776,1.8524567021263971,5.427087479167515
63,1,2.0413114296065435,0.5951434357298745,0.7535211267605634,0.7478595531522467,0.7535211267605634,0.7434714060428093,0.9057434018493367,-0.024276046867086176,1.8701132999526129,5.4157032701704235
63,2,1.9320022662480671,0.618083753519588,0.7394366197183099,0.728029176204675,0.7394366197183099,0.7313249365392581,0.9018080981922324,-0.008450492793603104,1.7730775939093695,4.997811979717678
63,3,1.9108253651195102,0.6275666008392969,0.7024647887323944,0.6997435632019051,0.7024647887323944,0.6933969284202689,0.9040613554972701,-0.03470771951829654,1.7538398173120286,4.90509565671285
63,4,2.011521875858307,0.5805414633618461,0.7394366197183099,0.7347674179396733,0.7394366197183099,0.7296503620654408,0.9137599738445158,-0.010926284041217205,1.8415672050582037,5.350475947062175
64,1,1.9943679769833882,0.5962573488553365,0.7376760563380281,0.7302889026018748,0.7376760563380281,0.7307977347651607,0.907575279013858,0.003213161084906213,1.8413800597190857,5.256625983450148
64,2,1.9079388777414958,0.5529032084676955,0.7764084507042254,0.765742655776199,0.7764084507042254,0.7629458025665825,0.9193648292843006,-0.011890593826888507,1.7935029599401686,5.069688651296827
64,3,1.9101685881614685,0.5779935800366931,0.7394366197183099,0.740686670846829,0.7394366197183099,0.7350125103476582,0.9107953678826668,-0.03639591309517054,1.7777791155709162,5.0185768604278564
64,4,2.046623388926188,0.6154605895280838,0.7359154929577465,0.7370800541567483,0.7359154929577465,0.7301570112690428,0.9127755989667121,-0.0009295728424816296,1.8479700684547424,5.3860030439164905
65,1,2.0152443250020347,0.6124187260866165,0.7394366197183099,0.7292426700195004,0.7394366197183099,0.732033077049424,0.9059510960973851,-0.011821897633856215,1.8446363674269781,5.288503819041782
65,2,1.9110301865471735,0.6140974942180846,0.7306338028169014,0.7225200352358173,0.7306338028169014,0.71876005059377,0.9093482687759604,0.020582053982624027,1.7624849014812045,4.937206347783406
65,3,1.9375562998983595,0.6482025418016646,0.7130281690140845,0.7040657771870935,0.7130281690140845,0.7056006557407268,0.8931136404324316,-0.04460183098949955,1.7616843448744879,4.946048206753201
65,4,2.0646519660949707,0.6179998252126906,0.7341549295774648,0.7316009150138929,0.7341549295774648,0.7283703673419325,0.9074531886810095,-0.00854140567215178,1.8479822874069214,5.440173519982232
66,1,2.0041865706443787,0.5968604154056973,0.7535211267605634,0.7449768103253811,0.7535211267605634,0.7448666603535471,0.9088676830460497,-0.00271493441892412,1.8347655932108562,5.287947509023878
66,2,1.9336242013507419,0.5866445203622183,0.7411971830985915,0.7449439655881557,0.7411971830985915,0.7385410488428081,0.915259933978253,-0.0343229312548079,1.790521052148607,5.0765765640470715
66,3,1.878239028983646,0.5781811359855864,0.7253521126760564,0.7173903654907497,0.7253521126760564,0.7159669381305346,0.9183697845827183,-0.0056947814270120745,1.7555993464257982,4.911707295311822
66,4,2.060796856880188,0.6511785818470849,0.7447183098591549,0.745448462087381,0.7447183098591549,0.7420160073488133,0.9035478729817576,-0.022702060586323958,1.8417699072096083,5.349905888239543
67,1,2.0218570629755654,0.5691994080940882,0.7482394366197183,0.7467871160646186,0.7482394366197183,0.7470187972707316,0.9191559883743292,-0.02638230201795677,1.861226995786031,5.411391417185466
67,2,1.864643971125285,0.5202950835227966,0.7852112676056338,0.7725081251688339,0.7852112676056338,0.7716064653799248,0.9310001684257806,-0.006636893352774731,1.7771512005064223,5.001457863383823
67,3,1.8827099336518183,0.5576770719554689,0.7658450704225352,0.7565271460227377,0.7658450704225352,0.755796940282881,0.9211116779612801,-0.01837810497728909,1.77017080783844,4.974453104866876
67,4,2.0148634049627514,0.5763307296567493,0.7376760563380281,0.7315950737682549,0.7376760563380281,0.7306571153616614,0.9179435420288699,-0.0051109357708021275,1.8402411275439792,5.371439509921604
68,1,2.002507858806186,0.5938955694437027,0.7535211267605634,0.74526848108282,0.7535211267605634,0.7476363769795838,0.9075538480815032,-0.013051895278058723,1.838453107410007,5.28926960627238
68,2,1.89010974433687,0.5583638946215311,0.7693661971830986,0.7583080783659849,0.7693661971830986,0.7584541197163733,0.9142601072937284,0.004937067827881836,1.7772748404079013,4.997516592343648
68,3,1.9004348052872553,0.5808030052317513,0.7235915492957746,0.717744248295201,0.7235915492957746,0.7155888540938022,0.9161643743048837,-0.02972807628888252,1.7699383364783392,4.979575461811489
68,4,2.0198189748658075,0.5625832660330666,0.75,0.745235288815518,0.75,0.7442012108944598,0.9148205002783224,-0.013843034623947537,1.8448251220915053,5.420035415225559
69,1,2.0264152685801187,0.5967454347345564,0.7306338028169014,0.7275784698579928,0.7306338028169014,0.727095043735874,0.9080496294966117,-0.046063611428939,1.8464286592271593,5.362311376465692
69,2,1.8889470034175448,0.5499932567278544,0.7588028169014085,0.7397901516074162,0.7588028169014085,0.7391244726126135,0.9205401196952064,-0.009400423013630421,1.7834730479452345,5.013172215885586
69,3,1.8784616125954523,0.5672804531123903,0.7253521126760564,0.7202957429417434,0.7253521126760564,0.7212317468095218,0.9171037250978217,-0.014932685055113248,1.7609654598765903,4.937884185049269
69,4,1.993747075398763,0.5339574118455251,0.7693661971830986,0.7678264720335212,0.7693661971830986,0.7622900065656791,0.9289444757011982,-0.02120194358891303,1.8463246954811945,5.3999227152930365
70,1,2.0435637103186712,0.6332894364992777,0.7341549295774648,0.7226836875852454,0.7341549295774648,0.7228415534774156,0.8963134785481593,-0.0036598986613536333,1.8504965172873602,5.334203587638007
70,2,1.8632433149549696,0.5185167971584532,0.801056338028169,0.800914004767785,0.801056338028169,0.7969712036260705,0.9302325195759066,0.0004672021256395542,1.7816593647003174,5.000938349299961
70,3,1.8833927247259352,0.5797466006543901,0.7570422535211268,0.7511818815261015,0.7570422535211268,0.7526495568464656,0.9174972595688007,-0.013286379657890146,1.766837517420451,4.925233523050944
70,4,2.0154636833402844,0.5575286597013474,0.7517605633802817,0.7468629747045736,0.7517605633802817,0.7481308495464013,0.9169206786809725,-6.728845816672546e-05,1.85527992910809,5.417311721377903
71,1,2.0494601594077215,0.6293840391768349,0.698943661971831,0.6952982190092922,0.698943661971831,0.688884253974352,0.9039666461912248,-0.03825780973019133,1.8586395912700229,5.362970855500963
71,2,1.874224152829912,0.5303438289297951,0.7746478873239436,0.7628925125847503,0.7746478873239436,0.7663959658027675,0.9264602428440064,0.0029246261852002853,1.7840209868219163,5.009944743580288
71,3,1.8895614875687494,0.5850964933633804,0.7253521126760564,0.7194943887737517,0.7253521126760564,0.7183540539381018,0.9131163601905874,-0.023805926933475163,1.7600731518533494,4.933312892913818
71,4,1.986673739221361,0.5278172029389275,0.778169014084507,0.7739048003909653,0.778169014084507,0.7724360919399088,0.9277904187920294,-0.022829266804715642,1.8489709695180256,5.390672127405803
72,1,1.9422438873185053,0.5355045547087988,0.7693661971830986,0.7674565205501125,0.7693661971830986,0.7666496873036894,0.926978730905239,-0.007912563304136588,1.8339081075456407,5.2246354420979815
72,2,1.8432223465707567,0.49334727889961666,0.795774647887324,0.7896648731136637,0.795774647887324,0.7892833636049288,0.9347503468792033,0.0034375526884906638,1.7792607347170513,4.9929305579927235
72,3,1.8172629806730483,0.5176882329914305,0.7640845070422535,0.7622008250375616,0.7640845070422535,0.7516322845651143,0.9255860333836411,0.005403299600638012,1.7483264538976881,4.849603931109111
72,4,1.9703751007715862,0.5053557372755475,0.7588028169014085,0.7550123524720683,0.7588028169014085,0.7545547622074467,0.9284037730421152,0.004743362272168095,1.8421063489384122,5.388753453890483
73,1,1.9645601113637288,0.5388077116674848,0.7552816901408451,0.7553920125091836,0.7552816901408451,0.7525526222072642,0.9198886734890059,-0.020133202666770433,1.8463018205430772,5.291315489345127
73,2,1.8673762480417888,0.5248689187897576,0.7693661971830986,0.7597771439853103,0.7693661971830986,0.7574870097739925,0.9212310095046234,-0.019776862680408014,1.7742826607492235,4.999893201722039
73,3,1.8863145973947313,0.5936808801359601,0.7323943661971831,0.723019045839443,0.7323943661971831,0.7254986835686856,0.910828622144683,0.015281134361286863,1.7562364803420172,4.902459767129686
73,4,2.0110218127568564,0.5472895304361979,0.7605633802816901,0.7603181955150927,0.7605633802816901,0.7553247213506945,0.9225575582073083,-0.025223045403205635,1.8472207122378879,5.4263969262441
74,1,1.9755708575248718,0.5573069817490048,0.7570422535211268,0.7529963034611228,0.7570422535211268,0.7518173101025952,0.9234302489805399,-0.01710206192884356,1.8403678867552016,5.284852928585476
74,2,1.8702117933167353,0.5343035327063667,0.7764084507042254,0.772169712893424,0.7764084507042254,0.7714672626418361,0.9316613368030058,0.02154094183263522,1.7720862825711567,4.987330834070842
74,3,1.854085173871782,0.5566600842608346,0.7517605633802817,0.7381783026761906,0.7517605633802817,0.7403998016903242,0.9191254192288241,-0.0012554671946301,1.7481483817100525,4.881410241127014
74,4,1.9789769252141316,0.5325859636068344,0.778169014084507,0.7759307414781976,0.778169014084507,0.7713035407252001,0.9297978918154275,-0.021703570467375144,1.844381246301863,5.35388896200392
75,1,1.997418416870965,0.588625623120202,0.7359154929577465,0.7199050898429399,0.7359154929577465,0.7237730309065874,0.9070473469637185,-0.005044387425138908,1.8465968834029303,5.284601383739048
75,2,1.924626800749037,0.5903309914800856,0.7482394366197183,0.7393235168587281,0.7482394366197183,0.7374946897594243,0.9161215432103238,-0.014539606616653655,1.789244340525733,5.037983496983846
75,3,1.9014966554111905,0.6263812283674876,0.7235915492957746,0.7200628047128927,0.7235915492957746,0.7184016340786987,0.9116529125043298,-0.010231632960415071,1.7545629541079204,4.876765847206116
75,4,2.0735406080881753,0.6536500718858507,0.7024647887323944,0.6938901762160674,0.7024647887323944,0.6962078921242046,0.9003812308484236,-0.030483310943406394,1.8454858329561021,5.386618283059862
76,1,1.9574808478355408,0.5437281330426534,0.7535211267605634,0.7483952882236343,0.7535211267605634,0.7459383795156839,0.9210304406028715,0.010526682403293575,1.8366038335694208,5.256236963801914
76,2,1.9245868457688227,0.5914135260714425,0.75,0.742012048767534,0.75,0.7391209054271792,0.9148814630437652,-0.023245004190191043,1.7833153208096821,5.035324494043986
76,3,1.8905105988184612,0.5946119212441974,0.7411971830985915,0.7410509375525278,0.7411971830985915,0.7400276525285736,0.9142649391785024,-0.016788796019846064,1.767941070927514,4.9142740567525225
76,4,2.0722776651382446,0.6056409494744407,0.7323943661971831,0.7258375417213888,0.7323943661971831,0.7243582074482875,0.9094132711423774,-0.045768992801857644,1.8699800703260634,5.494429747263591
77,1,1.949454168478648,0.544624537229538,0.7341549295774648,0.7281856652178584,0.7341549295774648,0.7294112829088817,0.9179205169984567,-0.02056979570844253,1.8311178882916768,5.227389799224006
77,2,1.9104083180427551,0.5668696628676521,0.7517605633802817,0.7549957907896193,0.7517605633802817,0.7408073882453857,0.9198300253217511,0.01087691532434587,1.7790340118938022,5.045331663555569
77,3,1.8668652839130826,0.5717230406072404,0.7429577464788732,0.7317272792107091,0.7429577464788732,0.7325403603878828,0.9183569522905494,-0.025363386539001942,1.7540637122260199,4.888863709237841
77,4,1.959123108122084,0.5218730287419425,0.7816901408450704,0.7853086796485075,0.7816901408450704,0.7813780219626181,0.9304758955119503,0.0022173953097531784,1.8229268723063998,5.312706417507595
78,1,1.9666834672292073,0.5322749879625108,0.7658450704225352,0.7585369908504784,0.7658450704225352,0.7607680024955787,0.9225389021911702,-0.027596372276444958,1.8501763145128887,5.313636448648241
78,2,1.8746866120232477,0.5021577394670911,0.7799295774647887,0.7717084515207838,0.7799295774647887,0.7713372597507703,0.9322405448362807,-0.007815685905596226,1.7920743293232388,5.0772537920210095
78,3,1.890659213066101,0.6065709557798173,0.7306338028169014,0.7230903883976942,0.7306338028169014,0.7190285402148705,0.9072089647431155,0.002224528424615846,1.759532438384162,4.886864980061849
78,4,1.9863364166683621,0.5312359184026718,0.772887323943662,0.7724658580169116,0.772887323943662,0.7699581751120942,0.9270834454476286,-0.017408867045639376,1.8461124234729342,5.381570670339796
79,1,1.9976435038778517,0.582832415898641,0.7447183098591549,0.7312610632875438,0.7447183098591549,0.736509553669623,0.9128930702011406,-0.00935243642680117,1.8536714514096577,5.298869238959418
79,2,1.8570648100641038,0.4939102704326312,0.7764084507042254,0.7702254801689881,0.7764084507042254,0.7680583785701474,0.9365357444676126,-0.029949441209528693,1.776355465253194,5.037758535808987
79,3,1.844672315650516,0.5437614735629823,0.7464788732394366,0.7386464301498437,0.7464788732394366,0.7385611685799984,0.9174999199852019,0.009837648868852522,1.7578612036175199,4.880130688349406
79,4,2.000605901082357,0.521697461605072,0.7799295774647887,0.785356340944216,0.7799295774647887,0.7777705963630693,0.9356814302651218,-0.015881280778234474,1.8531620038880243,5.451392041312324
80,1,1.9674056437280443,0.5540376785728667,0.7623239436619719,0.7542844262760688,0.7623239436619719,0.7558544794725149,0.9224707201651757,-0.02546924424453989,1.84266949362225,5.265264007780287
80,2,1.8931662771436903,0.5447785721884834,0.7640845070422535,0.7555738928573928,0.7640845070422535,0.7562065167127627,0.9258188925670139,0.01630446578451017,1.782364673084683,5.039404127332899
80,3,1.8146598603990343,0.4915077222718133,0.7799295774647887,0.7781465359434898,0.7799295774647887,0.7749048113239443,0.9348230047902887,-0.00753913437820386,1.751990920967526,4.902014626397027
80,4,1.9851104749573603,0.5380059315098656,0.7605633802816901,0.7578873083492325,0.7605633802816901,0.7514896884165415,0.923017190644814,-0.015219335528855682,1.83951426214642,5.361687541007996
81,1,1.951016022099389,0.5298771411180496,0.7676056338028169,0.7698750450784456,0.7676056338028169,0.7651877942463068,0.9246957889968772,0.0017591069879420163,1.8442843291494582,5.267006516456604
81,2,1.8666316734419928,0.5071102297968335,0.7746478873239436,0.7666747059692361,0.7746478873239436,0.7644721625870401,0.9291590945759585,-0.023161926495340213,1.7957703603638544,5.038848294152154
81,3,1.8743562234772577,0.5339861561854681,0.75,0.7440144466393219,0.75,0.7454167736995848,0.9226724388318417,-0.00038223537326320667,1.7673190765910678,5.001886195606655
81,4,1.9861318733957078,0.5525431566768222,0.772887323943662,0.7685829039054705,0.772887323943662,0.7702169165949226,0.9232293465236566,-0.00944136749208968,1.834205945332845,5.331172055668301
82,1,1.9568952984280057,0.5405590749449201,0.7588028169014085,0.7522486067539851,0.7588028169014085,0.7523930556029108,0.924541112128628,-0.007379752261657657,1.8453549014197455,5.261679503652784
82,2,1.8843731085459392,0.5221510214938058,0.7535211267605634,0.7402352048797103,0.7535211267605634,0.7443184939933637,0.9253756046078405,-0.015486405725574803,1.7878833214441936,5.062891165415446
82,3,1.8841657572322421,0.58100901875231,0.7482394366197183,0.7525423130196487,0.7482394366197183,0.7416683254256385,0.9184547676108763,-0.01280219650664094,1.7615742749638028,4.924864623281691
82,4,1.9969018035464816,0.5755769494507048,0.7605633802816901,0.7614232963174387,0.7605633802816901,0.758663258878902,0.9227139549766682,0.010723438713799882,1.834487669997745,5.313326345549689
83,1,2.042439215713077,0.6488712579011917,0.7165492957746479,0.7047444499656979,0.7165492957746479,0.7061777916284756,0.900352828182404,-0.008550420731767039,1.8367839786741469,5.294097648726569
83,2,1.8640556666586134,0.5319367945194244,0.7764084507042254,0.7770798399843302,0.7764084507042254,0.7734754978307644,0.9315530836649855,-0.0001928972707998522,1.782989329761929,4.972332755724589
83,3,1.8563446005185444,0.5563443021641837,0.7306338028169014,0.7216459574612422,0.7306338028169014,0.7184411136601956,0.9178894207573519,-0.007391078158191622,1.7577953934669495,4.88967842525906
83,4,2.003308223353492,0.5473947707149718,0.7711267605633803,0.7739713048901203,0.7711267605633803,0.7690389358424166,0.9261480993501536,-0.003920469769858714,1.8487651149431865,5.400439447826809
84,1,1.9523685640758939,0.5289267781707976,0.7834507042253521,0.7674287427418107,0.7834507042253521,0.7712165128183294,0.9259009013574928,0.010228591802232234,1.8376264174779255,5.2737324767642555
84,2,1.8634832567638822,0.5107627610365549,0.7869718309859155,0.778858832359938,0.7869718309859155,0.7786691659931096,0.9271656578869854,-0.026040496237873523,1.7848509815004137,5.019830875926548
84,3,1.8202990889549255,0.5193551464213265,0.7799295774647887,0.7741699037721879,0.7799295774647887,0.7739821629692407,0.9309508426233771,-0.01689603042573573,1.7496998972362943,4.855834815237257
84,4,1.9938653111457825,0.549649308125178,0.7411971830985915,0.7354603663335172,0.7411971830985915,0.7331661317000447,0.926975480916316,-0.010816828379093701,1.8380057877964444,5.36370246940189
85,1,1.9669451183742948,0.5182752327786552,0.778169014084507,0.7714254715355067,0.778169014084507,0.7722119457059005,0.9287025463093377,-0.01605797436190004,1.8468546337551541,5.347174697452122
85,2,1.8196962542004056,0.4886554098791546,0.7834507042253521,0.7764747182179553,0.7834507042253521,0.7776454720128881,0.9357332657103288,-0.0039535364473468615,1.762525286939409,4.925458020634121
85,3,1.8190110392040677,0.5088359349303775,0.7869718309859155,0.7795423840277991,0.7869718309859155,0.7800379168136169,0.9351630480683114,-0.0026872082436411038,1.7413528230455186,4.87608606285519
85,4,1.9563178022702534,0.506188260184394,0.7676056338028169,0.7712869691265875,0.7676056338028169,0.7667187711712456,0.9314144577007802,0.002527159521572675,1.8296618262926738,5.339953210618761
86,1,1.9630565775765314,0.5254200845956802,0.7852112676056338,0.7795581463866339,0.7852112676056338,0.781046524067676,0.9260261086357857,-0.0015636593011238986,1.8412566781044006,5.317541440327962
86,2,1.8266676995489333,0.49038077228599125,0.7992957746478874,0.7954897573238091,0.7992957746478874,0.7952937173353912,0.9359286456596554,-0.015311092538066173,1.7653392884466383,4.94467035929362
86,3,1.8358672989739313,0.5179198169045978,0.7816901408450704,0.782751274078709,0.7816901408450704,0.7733031021245974,0.9326933127837456,0.012045417331979502,1.7650389075279236,4.9110779232449
86,4,1.9604465166727703,0.5042296350002289,0.7658450704225352,0.7646111274874554,0.7658450704225352,0.763067693836128,0.9339704778291342,0.0020924492051481725,1.8405038515726726,5.358285731739468
87,1,1.9693926109208002,0.5480130463838577,0.7517605633802817,0.7472528760845131,0.7517605633802817,0.7453669591355877,0.9191468125738662,-0.006548610096144047,1.849257939391666,5.285944806204902
87,2,1.865176214112176,0.5015570273001989,0.7834507042253521,0.7824810791708499,0.7834507042253521,0.779886541362157,0.9321084779108066,-0.03465046000786387,1.7881619466675653,5.046954128477308
87,3,1.8454209831025865,0.5486614190869861,0.7341549295774648,0.7202061569179155,0.7341549295774648,0.7242182432728451,0.9184916369340828,-0.009681680555446937,1.74925301472346,4.871193077829149
87,4,1.9780079391267564,0.5304597351286147,0.7570422535211268,0.7555990612054889,0.7570422535211268,0.7503830180173418,0.9247506229880528,0.014644808281243926,1.8517167237069871,5.355620278252496
88,1,1.9481064942147996,0.5222022980451584,0.772887323943662,0.7681160556621871,0.772887323943662,0.7670830247280764,0.9239980958894898,0.0022279002618049715,1.8483434120814006,5.275216023127238
88,2,1.84475796090232,0.49202217989497715,0.8045774647887324,0.8108593075643696,0.8045774647887324,0.7974059539304592,0.9366987141739804,0.00015439314502718737,1.7745269404517279,5.0011411507924395
88,3,1.8596415387259588,0.5439712074067857,0.7693661971830986,0.7655285293184687,0.7693661971830986,0.7664578138633119,0.9267598197760579,-0.02207928164472084,1.767143256134457,4.929538793034023
88,4,1.9379867249064975,0.4817500842942132,0.7799295774647887,0.7756764655531341,0.7799295774647887,0.7755589192639256,0.9373362527989566,0.004170203424033292,1.8311529755592346,5.3358721070819435
89,1,1.9500609172715082,0.5292717731661267,0.7764084507042254,0.7636019408369004,0.7764084507042254,0.7663027862144648,0.9256081470452222,-0.011848700532400613,1.8389790919091966,5.265235397550795
89,2,1.8427741395102606,0.4844918151696523,0.7869718309859155,0.7862161790774478,0.7869718309859155,0.7820746841599352,0.9384360239887612,0.010758081546488274,1.7773176895247564,5.012099385261536
89,3,1.8402889238463507,0.533179940448867,0.7464788732394366,0.738814082017514,0.7464788732394366,0.7383207775246778,0.9259878792042513,0.008502290178469818,1.7568854888280232,4.890209674835205
89,4,1.956525829103258,0.45968947890732026,0.7940140845070423,0.8020944625951928,0.7940140845070423,0.7928576597643225,0.9431930181029207,-0.023648297362077297,1.8616147107548184,5.449143767356873
90,1,1.9281476603613958,0.49239491091834175,0.7764084507042254,0.768430865530866,0.7764084507042254,0.766675390743569,0.934850291127926,-0.010390515297260539,1.8377770450380113,5.278237210379706
90,2,1.8696988158755832,0.4959200504753325,0.778169014084507,0.7708656632912132,0.778169014084507,0.7695174281144006,0.9289589382085297,-0.01313966933969768,1.7941334380043878,5.075182398160298
90,3,1.8004885183440313,0.47382597459687126,0.7904929577464789,0.789825885280586,0.7904929577464789,0.7892958284870738,0.9395410706433759,0.010061493647974595,1.75178552336163,4.896034200986226
90,4,1.9247345593240526,0.482740827732616,0.7922535211267606,0.7874869658899939,0.7922535211267606,0.7866920999136647,0.9350362079138091,-0.01047531502214416,1.8260699643029108,5.2893863916397095
91,1,1.9393541746669345,0.4997365888622072,0.7834507042253521,0.7778198888858603,0.7834507042253521,0.7781652608043973,0.9335917866121284,-0.009428366575232161,1.848035408390893,5.298461728625828
91,2,1.807944291167789,0.448064676589436,0.8204225352112676,0.8170001230764011,0.8204225352112676,0.8177669590774085,0.9423684511728649,0.01737787194917073,1.769017345375485,4.980996568997701
91,3,1.8240499364005194,0.4906301713652081,0.7640845070422535,0.7556509170796851,0.7640845070422535,0.7580868680559767,0.9354473215798318,-0.0026916140036905567,1.767115679052141,4.935362603929308
91,4,1.9119783110088773,0.47181206444899243,0.7852112676056338,0.7870428741749361,0.7852112676056338,0.7763273170517899,0.9396017989381138,0.004790290689761334,1.8270700375239055,5.272365993923611
92,1,1.9378381570180256,0.5062429391675525,0.772887323943662,0.7691832256605136,0.772887323943662,0.7671791438707191,0.9258567217676908,-0.0009271519287299412,1.8422287702560425,5.2782267861896095
92,2,1.8951313429408603,0.5318005863163207,0.7711267605633803,0.7639224725048325,0.7711267605633803,0.7630260132790542,0.9244829814752997,-0.019847679213293334,1.7947603464126587,5.076236221525404
92,3,1.8100725875960455,0.4785875893301434,0.772887323943662,0.766050262891605,0.772887323943662,0.7674027352599421,0.9393844722250392,-0.0016633157190026893,1.7513688140445285,4.91687077946133
92,4,1.9633083409733243,0.48518645763397217,0.7834507042253521,0.7837138268885016,0.7834507042253521,0.7792517521342707,0.9346720525165131,-0.029305607990999905,1.8480560978253682,5.412259181340535
93,1,1.9320947527885437,0.5095120155149035,0.7623239436619719,0.7596921421482854,0.7623239436619719,0.760534918267256,0.9293649966909704,0.011800025961302918,1.832579301463233,5.25145427385966
93,2,1.8468132879998949,0.49831623170110917,0.7816901408450704,0.7767191278985417,0.7816901408450704,0.7696322267767066,0.9318846874696192,-0.020921145309342304,1.7759362525410123,4.993306133482191
93,3,1.8356222444110446,0.5280299385388693,0.7588028169014085,0.7534285964564837,0.7588028169014085,0.7552992846251046,0.9207952388778817,-0.0003370159089965963,1.7488590677579243,4.88667078812917
93,4,1.9699708422025044,0.5130377146932814,0.772887323943662,0.7664923640554879,0.772887323943662,0.7665404928085858,0.9361469000931247,0.013704991402718414,1.847552478313446,5.369481245676677
94,1,1.9350250893168979,0.5107338627179464,0.7623239436619719,0.7527756492634624,0.7623239436619719,0.7540190400013174,0.9284172615812591,-0.012256961992852311,1.838759958744049,5.2583710882398815
94,2,1.8599975837601557,0.49119850330882603,0.795774647887324,0.7923578873547265,0.795774647887324,0.7924968974962847,0.9333356766973847,-0.00559894983436493,1.785995860894521,5.053861882951525
94,3,1.8343715535269842,0.5228061278661092,0.772887323943662,0.7643285771760568,0.772887323943662,0.765850538540237,0.9279239138683671,0.0010452691175762974,1.7522949907514784,4.894690805011326
94,4,1.9729249278704326,0.5478061371379428,0.7464788732394366,0.7525132628016309,0.7464788732394366,0.7460506337943709,0.9236740480617965,-0.017443729614087244,1.825942291153802,5.298201852374607
95,1,1.9418200585577223,0.4908899383412467,0.7658450704225352,0.7632179300434243,0.7658450704225352,0.7600092295154199,0.9303203094589595,-0.014434535504083357,1.8480161031087239,5.3273234367370605
95,2,1.8436142206192017,0.4816552781396442,0.7975352112676056,0.7849140772014669,0.7975352112676056,0.7857858688789076,0.9327515599569807,0.011636745828268014,1.780010163784027,5.021518270174663
95,3,1.7814333902464972,0.47416317131784225,0.7940140845070423,0.7925533323270069,0.7940140845070423,0.7922779887636686,0.9366631240655237,0.005786839137721711,1.7448750800556607,4.831730471716987
95,4,1.9137008388837178,0.4451194422112571,0.7975352112676056,0.7945032425737218,0.7975352112676056,0.7944420880435905,0.9444597608271422,-0.03974623783090259,1.8333622018496196,5.340390549765693
96,1,1.9122456444634333,0.4954567733738158,0.7588028169014085,0.7532623449152033,0.7588028169014085,0.7557544785598229,0.9344057787594382,0.027167745723003844,1.8316655490133498,5.218086149957445
96,2,1.8437827030817668,0.5108789205551147,0.7799295774647887,0.778494514113042,0.7799295774647887,0.7774621442201293,0.9327311629314,0.0014983254178818628,1.756741954220666,4.953891383277045
96,3,1.8195810715357463,0.4813654389646318,0.778169014084507,0.7731218018812772,0.778169014084507,0.772716309867456,0.9350785400108215,-0.014890749786260482,1.7615588307380676,4.942083954811096
96,4,1.9118494126531813,0.44155988759464687,0.8133802816901409,0.8121556521319854,0.8133802816901409,0.809203197862527,0.9454544612712198,-0.010216464598912012,1.8371236721674602,5.342524740431044
97,1,1.9134591552946303,0.4847128772073322,0.7922535211267606,0.7885123657214577,0.7922535211267606,0.7874969000762809,0.9318651413361696,-0.012945461988651319,1.8349984221988254,5.247200224134657
97,2,1.8215657869974773,0.4698094030221303,0.8028169014084507,0.8053365654370064,0.8028169014084507,0.7987715534197918,0.9375411091077989,-0.03318925458183841,1.773887038230896,4.975663860638936
97,3,1.8292847209506564,0.474877268075943,0.801056338028169,0.8007929017036229,0.801056338028169,0.7980840449807951,0.9417968810150821,0.021023887239357775,1.7643275989426508,4.989568577872382
97,4,1.9498033258650038,0.5047766599390242,0.7764084507042254,0.7714369719706485,0.7764084507042254,0.7727799155629532,0.9342885217890476,-0.02830221469943517,1.8371766474511888,5.321532024277581
98,1,1.9909932414690654,0.5553220676051246,0.7623239436619719,0.7562893536633172,0.7623239436619719,0.7561158395863132,0.9226876314393534,-0.002759669481519067,1.8538051976097956,5.340892447365655
98,2,1.8366988566186693,0.46945226689179737,0.7816901408450704,0.7711543906257982,0.7816901408450704,0.7736059906639946,0.9375514154292239,0.005198095237509914,1.786300950580173,5.0269407166375055
98,3,1.8177592290772333,0.49502965476777816,0.7922535211267606,0.7870028436983453,0.7922535211267606,0.7853021761708479,0.9358423638251234,-0.030238053516790764,1.755379491382175,4.90412798192766
98,4,1.9470672806104024,0.4401519025365512,0.7940140845070423,0.7917140058027087,0.7940140845070423,0.7874209843449607,0.9448745451411711,-0.02894060291429046,1.8587915500005086,5.46320292684767
99,1,1.9587033722135756,0.4956287377410465,0.7676056338028169,0.7571431766830491,0.7676056338028169,0.7605102261966121,0.9314146077394226,-0.037133052911888065,1.859201345178816,5.372544076707628
99,2,1.8135159479247198,0.43360580338372123,0.8098591549295775,0.8003146645144531,0.8098591549295775,0.7995474625841026,0.9463057535963773,-0.013817011644346788,1.78522308005227,5.033306055598789
99,3,1.803318977355957,0.4706680095858044,0.8116197183098591,0.8095495901453957,0.8116197183098591,0.807063829742891,0.9432739784341391,-0.0034497714093542076,1.7499875293837652,4.912837677531773
99,4,1.9486888382169936,0.4605236210756832,0.8063380281690141,0.8109490230934154,0.8063380281690141,0.8047626847854015,0.9436782027963897,-0.026051618947260824,1.8488393094804552,5.421074019538032
100,1,1.898133741484748,0.4425829317834642,0.7940140845070423,0.786811978519763,0.7940140845070423,0.789615776599448,0.9399857419915864,-0.01833391782419702,1.844338556130727,5.294418811798096
100,2,1.8361369238959417,0.4831977031297154,0.7904929577464789,0.786117897020095,0.7904929577464789,0.7813439060164227,0.9376554320534377,0.02891881229465343,1.7794264753659566,4.99299497074551
100,3,1.8066365983751085,0.4942767388290829,0.7764084507042254,0.7724730997873055,0.7764084507042254,0.773662980327216,0.9321086392048282,-0.0146728255597397,1.7497105399767559,4.868809421857198
100,4,1.9245555069711473,0.4610077821546131,0.7869718309859155,0.7880578045559871,0.7869718309859155,0.7818058574580696,0.939644721758931,0.009522254176723477,1.8360944787661235,5.339500003390842
101,1,1.9238184491793315,0.48564428836107254,0.7940140845070423,0.7866056791171293,0.7940140845070423,0.7884246384930441,0.9346353359284241,-0.03028125058802944,1.8407699465751648,5.279557943344116
101,2,1.8535895347595215,0.4840880764855279,0.7922535211267606,0.7866701999517345,0.7922535211267606,0.7860326312054495,0.9361480808901765,-0.013247203817565056,1.7818576494852703,5.049092690149943
101,3,1.8142714500427246,0.5256308366854986,0.7447183098591549,0.7487382343765974,0.7447183098591549,0.74103484037609,0.9244721855831353,0.02132896003159912,1.7456010844972398,4.821099360783895
101,4,1.9699536164601643,0.4750306159257889,0.7887323943661971,0.78910526590731,0.7887323943661971,0.780129912073438,0.9409907835390515,0.0004820233096204385,1.8474851316875882,5.458107034365336
102,1,1.9295877946747675,0.4762543986241023,0.7764084507042254,0.7716557433972091,0.7764084507042254,0.7729455498366311,0.9362057409055748,-0.03222963192142925,1.841233664088779,5.320698751343621
102,2,1.8501729369163513,0.4850071900420719,0.7834507042253521,0.7780167441741639,0.7834507042253521,0.7784295606371883,0.9386352733900415,-0.017712869560803535,1.7833025852839153,5.035559468799168
102,3,1.7794000307718914,0.4649703875184059,0.7887323943661971,0.7810201866035306,0.7887323943661971,0.7780227694063331,0.9401779800771762,0.017066476863713764,1.7568912638558283,4.846402433183458
102,4,1.9538287189271715,0.4995163811577691,0.7746478873239436,0.7783508129165353,0.7746478873239436,0.7703352834926971,0.933649123249152,0.004220887338822976,1.8452406922976177,5.347223944134182
103,1,1.9471382829878066,0.5048792759577433,0.7676056338028169,0.7595691234385211,0.7676056338028169,0.7623363748676595,0.9334455408610988,-0.02116380172340726,1.8536540402306452,5.312409069803026
103,2,1.8498899274402194,0.4952591475513246,0.7992957746478874,0.7980738077326996,0.7992957746478874,0.7984239771932762,0.9403231450365002,-0.012966030674860907,1.7790053619278803,5.010694848166572
103,3,1.8366138140360515,0.4677034467458725,0.7869718309859155,0.7844514602829521,0.7869718309859155,0.7782863878532699,0.939152487132598,-0.04323072401873418,1.7891402112113104,5.030737863646613
103,4,1.9546491238805983,0.49357302155759597,0.7922535211267606,0.7928436793656225,0.7922535211267606,0.786840709603361,0.9325631469809945,-0.01784952076482549,1.8360051380263434,5.363826500044929
104,1,1.904116498099433,0.4497423817714055,0.8028169014084507,0.8023495674904125,0.8028169014084507,0.8022954310605017,0.9448730746202814,-0.0034995992004211995,1.8436887462933857,5.297655860582988
104,2,1.7964564363161724,0.44628632648123634,0.8045774647887324,0.7953879142592558,0.8045774647887324,0.7974503879346605,0.9446519647171006,0.0006892505653700587,1.7703056865268283,4.946853200594584
104,3,1.7662940687603421,0.4480639497439067,0.7975352112676056,0.8029367135122355,0.7975352112676056,0.7945413362398157,0.9425233457807218,0.00550667820137718,1.7336496313412983,4.842164105839199
104,4,1.9555349747339885,0.5185748636722565,0.8028169014084507,0.7981151903476233,0.8028169014084507,0.7985332648076942,0.9316085727499284,0.006956878310227177,1.827711774243249,5.308441705173916
105,1,1.9330535464816623,0.4706488268242942,0.7834507042253521,0.7811383650082493,0.7834507042253521,0.7800462537903867,0.9378466248434314,-0.0441327922715522,1.8559572166866727,5.345330980088976
105,2,1.8352704246838887,0.4525783823596107,0.7940140845070423,0.7871877166612014,0.7940140845070423,0.785512580166627,0.9412537595206875,0.0023075989541173625,1.7865918808513217,5.061551676856147
105,3,1.774965716732873,0.4312851561440362,0.8045774647887324,0.8007530230127741,0.8045774647887324,0.8016654237932737,0.9475902871128813,-0.018053758661102037,1.7467537919680278,4.910220146179199
105,4,1.9309524430169,0.4792575190464656,0.7922535211267606,0.7949924689260099,0.7922535211267606,0.7900985075644502,0.9406410255891763,0.010486949570099657,1.8265235424041748,5.318240470356411
106,1,1.915270898077223,0.46229468782742816,0.7922535211267606,0.7932608345500296,0.7922535211267606,0.7907212533539714,0.9383256707087403,-0.018001508011510126,1.8445089525646634,5.305548455980089
106,2,1.8312281039026048,0.4682098635368877,0.7869718309859155,0.776946400625978,0.7869718309859155,0.780565455038894,0.9366219504790768,5.9367394487308545e-05,1.7837948203086853,5.011603818999396
106,3,1.7706211010615032,0.439681288268831,0.8063380281690141,0.8005159389667235,0.8063380281690141,0.7981645311321345,0.9450195264693307,-0.006417949855581195,1.7531386348936293,4.876147111256917
106,4,1.8913384808434381,0.4205803854597939,0.8063380281690141,0.8140415960676339,0.8063380281690141,0.8068244862807864,0.9504950683238321,0.005975644662667423,1.8269535038206313,5.323107229338752
107,1,1.8691279623243544,0.4062492979897393,0.8133802816901409,0.807242045208617,0.8133802816901409,0.8092129810532331,0.9461684272466548,-0.017089716421917256,1.8463140792316861,5.2825114197201195
107,2,1.8056904276212056,0.43888674676418304,0.7992957746478874,0.7905448288206964,0.7992957746478874,0.7903863846328809,0.93962901196507,0.014016907030591663,1.7721568014886644,4.994898743099636
107,3,1.8054321606953938,0.45570256147119736,0.7992957746478874,0.805414912798355,0.7992957746478874,0.7952495747887633,0.94215318864723,-0.007006474352868608,1.7548873490757413,4.954801029629177
107,4,1.9272750682300992,0.4791036057803366,0.7904929577464789,0.787128815597359,0.7904929577464789,0.7856639605181064,0.940276649814989,0.006552259202210808,1.8288088308440313,5.306341581874424
108,1,1.9320042994287279,0.4882608784569634,0.7711267605633803,0.7718170606701381,0.7711267605633803,0.7693177944841441,0.9345292894790327,-0.004140407434117588,1.8418895337316725,5.300738718774584
108,2,1.7763621939553156,0.43394368721379173,0.8186619718309859,0.8113245918418218,0.8186619718309859,0.8112180294033,0.9470852807545314,0.01353883551554469,1.766449166668786,4.908671789699131
108,3,1.799725976255205,0.4741089559263653,0.7922535211267606,0.7898817288739177,0.7922535211267606,0.7869371691696548,0.9390387642380327,-0.009006847287650555,1.7510990169313219,4.892832173241509
108,4,1.9131190445688036,0.4417415012915929,0.7887323943661971,0.7915770757529315,0.7887323943661971,0.7869421283112883,0.9445895734143406,0.00859657902514721,1.8354995912975736,5.34633305337694
109,1,1.9034659663836162,0.4472779283920924,0.801056338028169,0.7988663701415513,0.801056338028169,0.7990206409697007,0.942955678837306,-0.0176809543925196,1.8404863542980618,5.301237781842549
109,2,1.8291491468747456,0.4602623035510381,0.7852112676056338,0.7752938582512344,0.7852112676056338,0.775040145246532,0.9429511146206213,0.0038016060436691923,1.7872316771083407,5.023218274116516
109,3,1.809618890285492,0.4796610044108497,0.7816901408450704,0.7725305990691976,0.7816901408450704,0.7739754106221775,0.9350680794763888,0.004727630362614699,1.7479531367619832,4.9128537442949085
109,4,1.9163075155682034,0.44919658369488186,0.795774647887324,0.79707909446916,0.795774647887324,0.7885824344563623,0.9423784256447996,0.0032268020119314844,1.8449032372898526,5.339566151301066
110,1,1.9349464840359158,0.4461324132151074,0.7887323943661971,0.7866733879057822,0.7887323943661971,0.787065582006508,0.9436342683622443,-0.06365807667616674,1.866212613052792,5.408845848507351
110,2,1.811838448047638,0.4447750945885976,0.7940140845070423,0.7875579041417015,0.7940140845070423,0.7855593070654994,0.9398724400167546,0.0043909413012429566,1.7748652829064264,5.001652730835809
110,3,1.777666946252187,0.4234337442451053,0.8116197183098591,0.8091819564951838,0.8116197183098591,0.8067719391772553,0.9468898032321987,-0.020178603900905756,1.7742418050765991,4.937544213400947
110,4,1.9065285987324185,0.4212433165974087,0.8186619718309859,0.8159928174911694,0.8186619718309859,0.8154241230790611,0.9490614166372942,-0.00832010152197582,1.8366973863707647,5.372194038497077
111,1,1.9123325414127774,0.45499758753511643,0.801056338028169,0.7999101584428198,0.801056338028169,0.7995919737129097,0.9447328532099758,-0.01939350972457854,1.8432063659032185,5.312780565685696
111,2,1.842432028717465,0.46490127179357743,0.8045774647887324,0.7958755143285933,0.8045774647887324,0.7956387030423804,0.9384723284818643,-0.00431589888812578,1.8042429818047419,5.056670281622145
111,3,1.8138156467013888,0.48901524063613677,0.7816901408450704,0.7776706273615518,0.7816901408450704,0.7787937705800617,0.9324083191702184,0.018219264807747382,1.7549899419148762,4.905016395780775
111,4,1.9128372470537822,0.4630851497252782,0.8080985915492958,0.8132368606305251,0.8080985915492958,0.8038401289904288,0.9415875417126431,-0.01815121537722475,1.8292793830235798,5.295591963662042
112,1,1.9310005439652338,0.518320109281275,0.7640845070422535,0.7577179698909551,0.7640845070422535,0.7582408916671376,0.9257864188031628,-0.008877033490626296,1.8349780903922186,5.2272546953625145
112,2,1.8082525200313992,0.4216442687643899,0.8028169014084507,0.7956341813749699,0.8028169014084507,0.7944023963699612,0.9502967797220224,-0.0008911804322933037,1.7824578483899434,5.043671568234761
112,3,1.755086686876085,0.3911738528145684,0.8133802816901409,0.8121188689677749,0.8133802816901409,0.8117595762194959,0.9520931583056507,-0.008270232354193885,1.7627202338642545,4.9375497632556495
112,4,1.88712074359258,0.3952471340696017,0.8063380281690141,0.8062006432043685,0.8063380281690141,0.8016809387826823,0.9514221085563801,-0.009642434592172178,1.8421087993515863,5.368159055709839
113,1,1.9009698894288805,0.43635792699125076,0.7940140845070423,0.7917585540856736,0.7940140845070423,0.7906057376002045,0.9410975404817876,-0.0031712574632238866,1.8451741602685716,5.318397574954563
113,2,1.798138313823276,0.411081216401524,0.8116197183098591,0.8088751482114251,0.8116197183098591,0.8071466208938053,0.9494951111744743,-0.013903006068077595,1.7720952696270413,5.034604615635342
113,3,1.8140073153707716,0.516357872221205,0.7711267605633803,0.7627570167963642,0.7711267605633803,0.7620811436166157,0.9291417930764075,0.014701515388747866,1.7523745894432068,4.841855896843804
113,4,1.9226469861136541,0.4510861072275374,0.795774647887324,0.7909357179122922,0.795774647887324,0.7907119719978722,0.9431042347511285,-0.009317116363987799,1.8434967796007793,5.356288896666633
114,1,1.8909768727090623,0.46504281130101943,0.7764084507042254,0.7788974948479335,0.7764084507042254,0.7751061502604603,0.9400071289418035,-0.011564377274251969,1.8149497111638386,5.218156152301365
114,2,1.8131388889418707,0.4451008712251981,0.8080985915492958,0.8055221956740444,0.8080985915492958,0.8016593410745207,0.9424323391477656,-0.0005473715211170571,1.7836241523424785,5.005227433310615
114,3,1.7831757532225714,0.4642670237355762,0.7887323943661971,0.7822827245414752,0.7887323943661971,0.7840547095746955,0.9399814744338613,-0.007077302002072461,1.7498218417167664,4.860629253917271
114,4,1.8968997200330098,0.4357664916250441,0.8080985915492958,0.802792195812566,0.8080985915492958,0.8003104187037066,0.9446821693016814,0.015463282812328893,1.8317767911487155,5.306210345692104
115,1,1.8962427642610338,0.44797149962849087,0.829225352112676,0.8286711144753074,0.829225352112676,0.8277006036562653,0.9454907843598772,-0.03507868260070679,1.8446043729782104,5.275542126761542
115,2,1.804781350824568,0.42059121860398185,0.8133802816901409,0.8072425357913652,0.8133802816901409,0.8084251865214088,0.9460685985477455,-0.014265493202008983,1.7838794456587896,5.034558057785034
115,3,1.821464843220181,0.48229479789733887,0.7746478873239436,0.7755537993008865,0.7746478873239436,0.7712375201315591,0.9360655203348409,-0.007835531538604279,1.7596518728468153,4.946194754706489
115,4,1.9044242368804083,0.41181500090493095,0.801056338028169,0.7980926275973719,0.801056338028169,0.7970951408446505,0.9500969105749177,-0.019457426769425412,1.8486169907781813,5.387178871366713
116,1,1.8856404158804152,0.4351878762245178,0.7852112676056338,0.7823947489601121,0.7852112676056338,0.7812851799366594,0.9404406169163555,-0.011448972650437428,1.845504793855879,5.270029399130079
116,2,1.776661475499471,0.42140036904149586,0.801056338028169,0.7975862255801132,0.801056338028169,0.7962922023853924,0.9506719673089878,-0.002588030877420211,1.7723792394002278,4.938937107721965
116,3,1.7957320544454787,0.4720526486635208,0.7746478873239436,0.7735569552224052,0.7746478873239436,0.7707275466117436,0.9374393124612312,0.006557772411752483,1.747109830379486,4.884317186143663
116,4,1.9395243393050299,0.4605565029713843,0.795774647887324,0.7910339737884895,0.795774647887324,0.7901712588975338,0.9409040870210157,-0.02859607893120608,1.8342256016201444,5.39044910007053
117,1,1.8990062673886616,0.4649692906273736,0.8028169014084507,0.8015631757836741,0.8028169014084507,0.7984421692569895,0.940264234844735,0.008644086924884609,1.8358257479137845,5.245092378722297
117,2,1.8309591942363315,0.4743994308842553,0.7992957746478874,0.7923476986590237,0.7992957746478874,0.7930449278120679,0.94121740014332,-0.021686178437624104,1.7702273925145466,4.996265146467421
117,3,1.8333112663692899,0.4643099904060364,0.7799295774647887,0.7672324494483637,0.7799295774647887,0.7697782847572153,0.9367254441982598,-0.023072900909780536,1.7793949842453003,5.0276474422878685
117,4,1.8858254618114896,0.4228597829739253,0.7922535211267606,0.7923921035240526,0.7922535211267606,0.7885118911624178,0.9480744320796932,-0.005088085479062032,1.8245718611611261,5.299411773681641
118,1,1.8606621954176161,0.4182194073994954,0.8327464788732394,0.8295458837643125,0.8327464788732394,0.8287870152679453,0.9482239774055643,-0.007078373492845458,1.8312579658296373,5.226361857520209
118,2,1.793428662750456,0.41313688457012177,0.8116197183098591,0.8063818293494751,0.8116197183098591,0.8065527326228743,0.949386167206783,-0.00938771970805563,1.775867886013455,5.0141093201107445
118,3,1.8100844025611877,0.4614375200536516,0.801056338028169,0.803981910329904,0.801056338028169,0.7980090157586783,0.9427137948929634,-0.016355388202173415,1.7627798120180767,4.956926928626166
118,4,1.9079634878370497,0.4383825287222862,0.7940140845070423,0.7910505728870377,0.7940140845070423,0.7902474617310873,0.9465231836696335,0.0009061317022562854,1.8388356566429138,5.336985482109918
119,1,1.8949694765938654,0.46271030522055095,0.7852112676056338,0.7795110160855584,0.7852112676056338,0.780881252872792,0.9398840201126228,-0.011238433974356754,1.8342161311043634,5.236907362937927
119,2,1.7981734871864319,0.42243113617102307,0.823943661971831,0.8237269412836248,0.823943661971831,0.8203980056475737,0.9476889583301569,0.0018757966296841788,1.7759002182218764,5.008238712946574
119,3,1.8302364084455702,0.47601694862047833,0.7834507042253521,0.7887698531615223,0.7834507042253521,0.7816326438837367,0.9408627747305071,-0.020117167140922154,1.7722153862317402,4.990081747372945
119,4,1.9080188737975226,0.42807722091674805,0.7940140845070423,0.7858194316400072,0.7940140845070423,0.7865993499582521,0.9489625565866445,0.011184625662018166,1.8390659623675876,5.361215935813056
120,1,1.9367525047726102,0.47974450058407253,0.7816901408450704,0.7769785338066811,0.7816901408450704,0.7787748616219359,0.9359316612017412,-0.03756044231786082,1.8579968214035034,5.336437688933478
120,2,1.7865340775913663,0.42220766428444123,0.8169014084507042,0.8126894933500874,0.8169014084507042,0.8126735189572426,0.9490029825083711,0.015215669543029664,1.7717522581418355,4.969962292247349
120,3,1.7942181362046137,0.45554008417659336,0.795774647887324,0.7993109626017083,0.795774647887324,0.7907297899719713,0.9411097761275347,-0.013497552672154356,1.749258855978648,4.917800082100762
120,4,1.9064405428038702,0.41212613301144707,0.8080985915492958,0.8102673945470116,0.8080985915492958,0.8073874736688927,0.9498229282753372,-0.006672968321171924,1.8345243997044034,5.3931739992565575
121,1,1.9027348624335394,0.4278195682499144,0.7992957746478874,0.7920713444789206,0.7992957746478874,0.7941000576747895,0.9458832418582628,-0.03503494083571845,1.8471680813365512,5.34420371055603
121,2,1.7557027373048995,0.38610805074373883,0.8098591549295775,0.8100369858862249,0.8098591549295775,0.8053993023441033,0.9502183557777377,0.008299670991828045,1.7645013133684795,4.951423592037624
121,3,1.7641994622018602,0.44705161783430314,0.8045774647887324,0.7997645748598882,0.8045774647887324,0.7983158876082782,0.9465596767981785,-0.0010966073366860396,1.744680689440833,4.837544361750285
121,4,1.9198785821596782,0.4462473690509796,0.778169014084507,0.7802103963134661,0.778169014084507,0.7759904742205106,0.9458696843697503,-0.011352592850478738,1.834745552804735,5.358351217375861
122,1,1.9618304636743333,0.5001568479670419,0.778169014084507,0.7703872636874937,0.778169014084507,0.7733863877796462,0.9283377683549239,-0.044522308660002397,1.8597898615731134,5.37240203221639
122,2,1.8139157328340743,0.43703901684946483,0.8221830985915493,0.815382211953959,0.8221830985915493,0.8156877386129288,0.9461155930732346,-0.007121488946244092,1.783547043800354,5.026627884970771
122,3,1.7565194169680278,0.42501287741793525,0.8045774647887324,0.8000858863421055,0.8045774647887324,0.7993680692044213,0.9479676108527365,0.013592319763728766,1.7494897577497694,4.863367822435167
122,4,1.9221205314000447,0.4766636937856674,0.795774647887324,0.7936669458557624,0.795774647887324,0.792219641194623,0.9411539852512619,0.00446868014876578,1.8248690300517612,5.294852866066827
123,1,1.9036656419436138,0.45238517224788666,0.801056338028169,0.7987812828965062,0.801056338028169,0.7974046167694699,0.939218665998883,-0.010431681116178204,1.849633640713162,5.289986451466878
123,2,1.7949604127142165,0.44775429947508705,0.8063380281690141,0.8063915077649302,0.8063380281690141,0.7999181710995228,0.9412890694966476,-0.0008128179880815267,1.7646765179104276,4.938441077868144
123,3,1.776073111428155,0.43559326397048104,0.7940140845070423,0.7881716057307908,0.7940140845070423,0.7891060635062992,0.9430410967029795,-0.0009636779534745177,1.7531165215704176,4.903859297434489
123,4,1.9485363297992282,0.47270623180601334,0.7904929577464789,0.7938856437889955,0.7904929577464789,0.7865715881715694,0.9417510996672958,-0.016974870675976028,1.8487067090140448,5.392139739460415
124,1,1.9028995566897922,0.4483654681179259,0.7816901408450704,0.7777648015428511,0.7816901408450704,0.7779681717009463,0.938545397364152,-0.0102281920069629,1.8493830296728346,5.296812256177266
124,2,1.8137385646502178,0.42570605874061584,0.8186619718309859,0.8108619803929963,0.8186619718309859,0.8127259669548631,0.9485037657915693,-0.025595679358533463,1.784864107767741,5.052480936050415
124,3,1.7494924664497375,0.41722095426585937,0.8098591549295775,0.8070949069464369,0.8098591549295775,0.8037703017533309,0.9472132999261084,0.01072557921386752,1.7472339140044317,4.8581258985731335
124,4,1.9062687622176275,0.42325882779227364,0.8080985915492958,0.8039537699222712,0.8080985915492958,0.80326597175783,0.9456852683026539,-0.02301064109524975,1.8346030248536005,5.366625044080946
125,1,1.8799455629454718,0.40193217827214134,0.8028169014084507,0.8007950295920071,0.8028169014084507,0.7994662784850679,0.9470762164874434,-0.02786053066164418,1.8492235872480605,5.328643321990967
125,2,1.7933695978588529,0.4442490753200319,0.8080985915492958,0.8063264125406145,0.8080985915492958,0.8007361783984938,0.9420686754362468,-0.0009678835684963083,1.7687851654158697,4.941317319869995
125,3,1.7758618990580242,0.4392678663134575,0.795774647887324,0.7916650605620632,0.795774647887324,0.7896617087157133,0.9464165498881885,0.0029349806321539162,1.745090451505449,4.894581198692322
125,4,1.886385401089986,0.4046051734023624,0.8028169014084507,0.8047582480699801,0.8028169014084507,0.7988311105793434,0.9488402740670534,0.00800426291209222,1.8368432852956984,5.343872467676799
126,1,1.9038118256462946,0.4241374201244778,0.7852112676056338,0.7844961028542065,0.7852112676056338,0.782401773445251,0.9418444061613948,-0.0117112765629388,1.8617455164591472,5.356385350227356
126,2,1.8365619513723586,0.48240043222904205,0.7904929577464789,0.7831964638171668,0.7904929577464789,0.7826220876164968,0.9348539033618947,0.013401658341788969,1.7736438512802124,4.996271914905972
126,3,1.7888710962401495,0.44228437708483803,0.8098591549295775,0.8136830175672559,0.8098591549295775,0.8086567857787234,0.9446955454650519,-0.004222701336696888,1.7595471541086833,4.9309066666497126
126,4,1.874085459444258,0.39848252799775863,0.8221830985915493,0.8192231448934891,0.8221830985915493,0.8170107563317132,0.9539213690121195,-0.01381352548557202,1.8282056781980727,5.317158818244934
